omega,ReU2.4,-ImU2.4,ReU3.5,-ImU3.5
-4.0,-0.3947154961777328,0.006899724777564827,-0.8077401386527564,0.0038186634224278444
-3.991991991991992,-0.39634490547851325,0.006942891901444067,-0.8098876524248919,0.003940815578189345
-3.983983983983984,-0.39795626987503124,0.007292767685833725,-0.811943320911324,0.00417858840571874
-3.975975975975976,-0.399422109993904,0.007915815223264223,-0.8138676780173856,0.004476921631334208
-3.967967967967968,-0.40063908100704165,0.008727139997238847,-0.8156481204807446,0.0047697683890458925
-3.95995995995996,-0.40154794538976657,0.009604530295396622,-0.8173007254520562,0.004992349826688501
-3.951951951951952,-0.402146219411747,0.010410044169080342,-0.8188667491197609,0.005092906482815959
-3.943943943943944,-0.40249065502761283,0.011015557297469286,-0.820404567913532,0.005041712230807568
-3.935935935935936,-0.40268843571236973,0.011327559203928137,-0.8219787569175672,0.004835682700731591
-3.9279279279279278,-0.4028781915584693,0.01130621859230061,-0.8236485658361203,0.0044978791589893215
-3.91991991991992,-0.4032041829846798,0.010974593961648108,-0.8254580671294296,0.004072338162297153
-3.911911911911912,-0.4037886420986057,0.010415770559259649,-0.8274297032465813,0.0036156211303658976
-3.903903903903904,-0.40470779694124387,0.009758216583624186,-0.8295620396410235,0.0031869990672234003
-3.895895895895896,-0.40597637751172655,0.009152110241211646,-0.8318315540390477,0.0028391588495808137
-3.8878878878878878,-0.4075436513966305,0.008741178787906454,-0.8341975647889233,0.002610843980598926
-3.87987987987988,-0.4093017631680738,0.008635362005673422,-0.8366090827121389,0.0025221793247009296
-3.8718718718718717,-0.4111048904277932,0.008889348849400562,-0.8390124247122621,0.0025728471472670636
-3.863863863863864,-0.412795862138349,0.009490948842931224,-0.8413586692521282,0.002742937644252536
-3.855855855855856,-0.4142355987263246,0.010361614890222486,-0.8436102540926217,0.002996176472234927
-3.8478478478478477,-0.41533011165612094,0.01136943987574704,-0.8457461024295638,0.0032851909892442866
-3.83983983983984,-0.41604993682703967,0.012352778397295459,-0.8477646525005416,0.003558355227424261
-3.8318318318318316,-0.4164378951912413,0.013150544744694664,-0.8496842056630479,0.0037674863775971536
-3.823823823823824,-0.41660301726796967,0.013633608195455523,-0.8515402494476021,0.0038753330211942936
-3.815815815815816,-0.4167011321484973,0.013731035566350996,-0.8533798996934326,0.0038615801952490317
-3.8078078078078077,-0.4169054824345359,0.013445592895321861,-0.8552542319966406,0.0037261764089959247
-3.7997997997998,-0.4173730501794637,0.01285494170404727,-0.8572098211470877,0.003489226818110103
-3.7917917917917916,-0.418213388319131,0.012097931364886402,-0.8592810609773067,0.00318739734069343
-3.7837837837837838,-0.4194663118701434,0.011348545019369435,-0.8614846885070713,0.0028675181401702477
-3.775775775775776,-0.42109295609719105,0.01078259897045489,-0.8638174383351634,0.002578626454621393
-3.7677677677677677,-0.4229819881251024,0.010543666223641284,-0.8662570853660407,0.0023639040598852005
-3.75975975975976,-0.4249698392800577,0.010714728886649205,-0.8687665073402265,0.0022538426471579837
-3.7517517517517516,-0.42687127339252084,0.011300932876029868,-0.8712999578493279,0.0022616259726470672
-3.7437437437437437,-0.4285147634634909,0.01222684595981264,-0.8738105169506638,0.0023812993851442077
-3.735735735735736,-0.42977618525350636,0.013349123077439521,-0.8762576233675716,0.002588904658890646
-3.7277277277277276,-0.4306043688442027,0.014482741008021856,-0.8786136160324186,0.002846407664709489
-3.71971971971972,-0.43103319262342316,0.015436310078705906,-0.8808682989432941,0.003107902979823846
-3.7117117117117115,-0.43117718117680587,0.01604987486361044,-0.883030732258253,0.0033272227561256195
-3.7037037037037037,-0.43121074287402567,0.016227643560015163,-0.8851278059529157,0.0034657545078792527
-3.695695695695696,-0.4313346620885528,0.015958689245249034,-0.8871996825818974,0.00349909777308789
-3.6876876876876876,-0.43173639272287495,0.015320924157291574,-0.8892928183458505,0.003421284396069169
-3.67967967967968,-0.43255225784656404,0.014467123693243713,-0.8914518182120109,0.003245700819690187
-3.6716716716716715,-0.43383937834646913,0.013595613334522501,-0.8937116690640431,0.0030025110393971134
-3.6636636636636637,-0.43556311623419813,0.012911457449935484,-0.8960918177338487,0.0027331073715801306
-3.655655655655656,-0.43760260206474916,0.012585868370793802,-0.8985931408931468,0.002482702949421523
-3.6476476476476476,-0.439773325847337,0.012721797121464233,-0.9011982313819371,0.0022924748850523015
-3.6396396396396398,-0.4418625412571225,0.01333240796353811,-0.9038747884252494,0.0021926369111485034
-3.6316316316316315,-0.44367085967750813,0.01433675066040397,-0.9065813974841208,0.0021975406812805567
-3.6236236236236237,-0.44505216659633023,0.01557384982875704,-0.9092746806314841,0.0023034998860934387
-3.6156156156156154,-0.44594403864084803,0.016833038723057914,-0.9119166707641436,0.0024896022573076397
-3.6076076076076076,-0.4463822790014353,0.0178951349454676,-0.9144812642051574,0.00272136299126742
-3.5995995995995997,-0.44649598809928087,0.018576571360730286,-0.9169587138446076,0.002956676902090012
-3.5915915915915915,-0.4464834098324757,0.018767506361613468,-0.9193573600074044,0.003153149546931913
-3.5835835835835836,-0.44657291586440695,0.018455734029794127,-0.9217021922865403,0.0032755817393004295
-3.5755755755755754,-0.4469769130793026,0.017730947615484282,-0.9240303830703036,0.00330224672361587
-3.5675675675675675,-0.44784823454500694,0.016768043139676423,-0.9263845424088193,0.0032287330876205806
-3.5595595595595597,-0.44924817611335893,0.015792675703952413,-0.9288049565639483,0.003068559863408237
-3.5515515515515514,-0.4511328774398924,0.015036064576214597,-0.9313223255624977,0.002850426118907386
-3.5435435435435436,-0.45336089350219716,0.014688219708822182,-0.9339524155145568,0.0026126664526754774
-3.5355355355355353,-0.45572051037869027,0.014858977507940784,-0.9366936134546611,0.0023960507900065414
-3.5275275275275275,-0.4579715140981159,0.01555462963662392,-0.9395277459522166,0.002236349905839908
-3.5195195195195197,-0.4598933504082695,0.016674949181840256,-0.9424238733335614,0.0021580483101893205
-3.5115115115115114,-0.4613302796767417,0.018031604114482708,-0.9453442477304365,0.00217028318014614
-3.5035035035035036,-0.46222443113914935,0.01938485678193534,-0.9482513024775063,0.0022656321562375976
-3.4954954954954953,-0.4626296651883919,0.02049170042676594,-0.9511144302642345,0.0024218684846742697
-3.4874874874874875,-0.462702716464256,0.02115590173534119,-0.9539153814414073,0.0026063176648203376
-3.4794794794794797,-0.4626727016226743,0.021269525395401372,-0.956651347619631,0.0027820256796279707
-3.4714714714714714,-0.4627948055436894,0.020836875614141787,-0.9593351760554178,0.0029146256801359056
-3.4634634634634636,-0.46329764497483894,0.01997531753926954,-0.9619926638565214,0.002978627510098731
-3.4554554554554553,-0.4643354304357311,0.018892399120981843,-0.9646574433189671,0.0029619194334345967
-3.4474474474474475,-0.4659551256754508,0.017843866504313646,-0.9673644757050216,0.0028675980265289395
-3.4394394394394396,-0.46808558633868036,0.017081273094239,-0.9701434825620806,0.002712791881852536
-3.4314314314314314,-0.4705509994729524,0.016800005747965807,-0.9730136555006149,0.0025247960131491425
-3.4234234234234235,-0.4731059576859911,0.017098366307673224,-0.9759806757356726,0.0023354149408175732
-3.4154154154154153,-0.47548519917033727,0.017956078221850337,-0.9790365248280533,0.0021747640198029154
-3.4074074074074074,-0.4774581410193757,0.0192367934348743,-0.9821619343075487,0.0020658143092475902
-3.3993993993993996,-0.47887724213154426,0.02071453458932896,-0.985330776464764,0.002020701188049166
-3.3913913913913913,-0.47971014834324466,0.02211924936965839,-0.9885153687246352,0.0020393520186635533
-3.3833833833833835,-0.48004848215681334,0.023192577575740298,-0.9916915971450875,0.0021104637789150973
-3.3753753753753752,-0.48009071110603335,0.023742396195593023,-0.9948429307964533,0.002214405524818028
-3.3673673673673674,-0.4801019896836749,0.023684460301246178,-0.99796272006161,0.002327314733147043
-3.359359359359359,-0.4803590381198378,0.02306183014478075,-1.001054557724126,0.0024255306163143606
-3.3513513513513513,-0.4810916866457159,0.022037422594533826,-1.0041308532596773,0.002489551504941016
-3.3433433433433435,-0.48243368022266586,0.02086090483477686,-1.0072100687514884,0.002506884716415765
-3.335335335335335,-0.4843934077425853,0.019816810001686357,-1.0103132481249169,0.0024734303411941194
-3.3273273273273274,-0.4868509007545179,0.01916482299056816,-1.0134605166964208,0.0023933488391276935
-3.319319319319319,-0.4895818394939089,0.019084788733584348,-1.0166681360761192,0.00227764238947785
-3.3113113113113113,-0.4923036932386992,0.019637943774462183,-1.0199465021372993,0.002141871553356757
-3.3033033033033035,-0.49473461348588454,0.020752550593015822,-1.0232992322098646,0.0020034952363919205
-3.295295295295295,-0.4966530493517252,0.022237243930068866,-1.0267232747199737,0.001879267009892589
-3.2872872872872874,-0.49794568424018926,0.023819842253215907,-1.0302098460258156,0.0017829908218649434
-3.279279279279279,-0.4986333315402498,0.025204074655169256,-1.0337459688188628,0.001723802912193892
-3.2712712712712713,-0.49886867736956486,0.0261326266563466,-1.0373164200869953,0.0017050618220370963
-3.2632632632632634,-0.4989055776640127,0.026443079171674308,-1.0409059329540218,0.0017239107757458718
-3.255255255255255,-0.49904586724189365,0.026104360095527954,-1.0445014841586837,0.0017715933907988147
-3.2472472472472473,-0.49957485781580835,0.025225275120366094,-1.0480944283041926,0.0018345937701119996
-3.239239239239239,-0.5006995155561506,0.024032756497632132,-1.0516821527801263,0.0018965858283642584
-3.2312312312312312,-0.5025029139686287,0.022824223668699135,-1.055268893522688,0.001941009901118659
-3.2232232232232234,-0.5049250286364674,0.021904221371882637,-1.0588654296432438,0.001953897475331866
-3.215215215215215,-0.5077741868351605,0.021518933407662578,-1.0624875745750915,0.0019264198408985157
-3.2072072072072073,-0.5107669030726735,0.021802591229074353,-1.0661536540991008,0.0018566174586218806
-3.199199199199199,-0.5135878516226993,0.022747281688439768,-1.0698814199230486,0.0017499016991156361
-3.191191191191191,-0.515957486648785,0.02420284605784068,-1.0736850043105588,0.0016181773343425362
-3.1831831831831834,-0.5176930501709032,0.02590740287722049,-1.0775725268959189,0.001477736317088455
-3.175175175175175,-0.5187497477521739,0.02754262044180454,-1.0815448235423357,0.0013463341287957224
-3.1671671671671673,-0.5192326668833944,0.028802396494134602,-1.085595527869542,0.001240015715911641
-3.159159159159159,-0.5193760267766246,0.029460254000153365,-1.0897124665221338,0.0011702855920927315
-3.151151151151151,-0.5194934793408765,0.02942047765249545,-1.0938800890230773,0.001142129552011626
-3.1431431431431434,-0.5199098578613569,0.02874115729545164,-1.0980824796408295,0.001153226792601836
-3.135135135135135,-0.5208893122974472,0.02762336935731355,-1.102306408595057,0.0011944768776736172
-3.1271271271271273,-0.5225759223804047,0.026368351103604682,-1.106543878136791,0.0012517369671789726
-3.119119119119119,-0.5249602647129059,0.025311838871133537,-1.1107937061286906,0.0013084502307991292
-3.111111111111111,-0.5278796672116124,0.024749962748878505,-1.115061860097928,0.001348679319584217
-3.103103103103103,-0.5310524275108011,0.02487303549339673,-1.119360488137968,0.001359975204274381
-3.095095095095095,-0.5341388186275744,0.025721919573904222,-1.1237058484321505,0.0013355400075713872
-3.0870870870870872,-0.5368158214856661,0.02717687267513637,-1.128115559081595,0.0012752876700269815
-3.079079079079079,-0.5388493553868351,0.02898188052172271,-1.1326057174242448,0.0011856396860955329
-3.071071071071071,-0.5401479582963675,0.030799825032783855,-1.137188439076819,0.0010781563263803447
-3.063063063063063,-0.5407854856420661,0.03228690147007307,-1.1418702457846108,0.0009673278427913184
-3.055055055055055,-0.5409869157789573,0.03316998733549129,-1.1466515295299464,0.0008679815651724063
-3.047047047047047,-0.541079555547251,0.033309410224767876,-1.1515270996070637,0.0007927804159725555
-3.039039039039039,-0.5414200304387324,0.03273234895188692,-1.1564876350857758,0.000750214113555086
-3.031031031031031,-0.5423134138357806,0.03162854178079581,-1.1615217472885822,0.0007433567490827137
-3.023023023023023,-0.543943072993366,0.030308641913867243,-1.1666183058427102,0.0007695243629981467
-3.015015015015015,-0.5463275992816746,0.029134329740793292,-1.1717686795082465,0.000820837623584263
-3.007007007007007,-0.5493150514993844,0.028435973050738795,-1.1769685713155738,0.0008855818561829241
-2.998998998998999,-0.5526161952554617,0.028436613280013758,-1.182219181371327,0.0009501545064680212
-2.990990990990991,-0.5558695127903466,0.029199721393944222,-1.1875275170404136,0.0010013000707384061
-2.982982982982983,-0.558723490724523,0.030612905321374045,-1.192905795728301,0.0010282710455571356
-2.974974974974975,-0.5609176156924583,0.03241175562489935,-1.1983700412959133,0.0010245470054347566
-2.966966966966967,-0.5623434932833824,0.034238977015867755,-1.203938130558364,0.0009888128693321477
-2.958958958958959,-0.5630716567010764,0.03572577647711503,-1.2096276573252847,0.0009250390407233013
-2.950950950950951,-0.563337220658171,0.036577005289100205,-1.215454010310075,0.0008416882738163715
-2.942942942942943,-0.5634870150351012,0.0366402011687145,-1.2214289963332294,0.0007502450832715853
-2.934934934934935,-0.5639000340791153,0.035942026632805595,-1.2275602041478402,0.0006633736092448554
-2.926926926926927,-0.5648996502929635,0.03468307148160357,-1.2338511447500649,0.0005930335760959409
-2.918918918918919,-0.5666782803315337,0.03319184634320164,-1.2403020725588172,0.0005488303975692159
-2.910910910910911,-0.5692523831130433,0.0318485748053828,-1.246911320354016,0.0005367812614196419
-2.9029029029029028,-0.5724585075078826,0.030996620176094794,-1.2536769701155768,0.0005585882787440051
-2.894894894894895,-0.5759914100336562,0.030862302600876797,-1.260598706465276,0.0006114518923346649
-2.886886886886887,-0.5794754106373167,0.031501869470553175,-1.267679725978852,0.000688435375330805
-2.878878878878879,-0.582552429879726,0.0327880617371436,-1.2749285837992874,0.0007793847428119766
-2.870870870870871,-0.584966245032354,0.034439575661034436,-1.2823608522436505,0.0008723933844532358
-2.8628628628628627,-0.5866232503826254,0.03608679155633505,-1.290000466395569,0.0009557684163500605
-2.854854854854855,-0.5876152886618078,0.03735861727487912,-1.2978806598871222,0.0010204231140532093
-2.8468468468468466,-0.5881988598746921,0.03797013860289117,-1.306044447176252,0.0010626216769360733
-2.838838838838839,-0.5887352948656758,0.03779031122207817,-1.314544647588375,0.0010870668611970688
-2.830830830830831,-0.5896058750582562,0.0368734656225832,-1.3234434056413773,0.0011104372501959552
-2.8228228228228227,-0.591122018466488,0.035446966570726615,-1.332810983087846,0.0011655787999908338
-2.814814814814815,-0.5934519128471385,0.033857893145068714,-1.3427232781674387,0.0013065095383750828
-2.8068068068068066,-0.596581010905742,0.032491431306343764,-1.353257166383698,0.0016140688213567478
-2.798798798798799,-0.6003156533817746,0.031680347883767564,-1.3644825728738643,0.0022013609130447126
-2.790790790790791,-0.6043288406833234,0.03162688565031252,-1.376450474429588,0.0032171958480127537
-2.7827827827827827,-0.608237320392116,0.03235536527541275,-1.3891770448235736,0.0048448406714502856
-2.774774774774775,-0.6116919338790111,0.033706559476735364,-1.4026259347546848,0.007293103966576139
-2.7667667667667666,-0.6144601085541442,0.035375220602157316,-1.4166928468681035,0.010777695751546058
-2.7587587587587588,-0.6164811209582325,0.036982135427542154,-1.431198276618607,0.015493303212285064
-2.750750750750751,-0.6178809499524669,0.03816394704316328,-1.4458943746341266,0.021580651392414753
-2.7427427427427427,-0.6189429080055617,0.03865960407837766,-1.460489329741898,0.02909684911222304
-2.734734734734735,-0.6200407119818424,0.03837283196857351,-1.4746872849105515,0.03799965345425612
-2.7267267267267266,-0.6215497440932384,0.03739553258834187,-1.488234806124424,0.04815488521108498
-2.7187187187187187,-0.6237576550667427,0.03598630488662685,-1.5009590386698677,0.059370003095818635
-2.710710710710711,-0.6267957341057895,0.03450908315853232,-1.512781332487208,0.07144674685837143
-2.7027027027027026,-0.630607508088279,0.033346500447457024,-1.523695861894008,0.08423521416159302
-2.694694694694695,-0.6349621063742754,0.03280862094477126,-1.5337155068195363,0.09766583751584527
-2.6866866866866865,-0.6395092768247667,0.03305874626484395,-1.542803204743052,0.11173912978704505
-2.6786786786786787,-0.6438631129445832,0.034073953181083166,-1.550819278315971,0.12646729102540236
-2.670670670670671,-0.6476947795979396,0.035649899901138156,-1.5575165913962865,0.14178328150965688
-2.6626626626626626,-0.6508122830791367,0.03744910832212022,-1.562601744043538,0.15745339232859246
-2.6546546546546548,-0.6532081334782578,0.039081677568502254,-1.565854198053889,0.1730383777009411
-2.6466466466466465,-0.6550630666747964,0.04019951535296575,-1.5672654808694295,0.18793836793657726
-2.6386386386386387,-0.6567042966881512,0.040581587692641224,-1.5671407406501552,0.20152790416015293
-2.630630630630631,-0.6585277243580838,0.040189421233128624,-1.5661066012343337,0.21334850041393053
-2.6226226226226226,-0.6609024699272583,0.0391789437845163,-1.564996523486015,0.22329283233502772
-2.6146146146146148,-0.664080712036974,0.03786517872875838,-1.5646306793600193,0.23170318370814277
-2.6066066066066065,-0.6681348361600019,0.03664776717913032,-1.5655549172210146,0.23932638465684158
-2.5985985985985987,-0.6729375075979978,0.03591491137489182,-1.5678323814442308,0.2471150528514018
-2.5905905905905904,-0.6781900671157359,0.03594873985480071,-1.5709764246493698,0.25592469545184565
-2.5825825825825826,-0.6834930878449584,0.03685501816926174,-1.574071727505464,0.2662049320804252
-2.5745745745745747,-0.6884427462785078,0.03853462699869438,-1.5760642590131504,0.27779927840763624
-2.5665665665665665,-0.6927301773961142,0.040704562796887264,-1.5761336621798068,0.2899410992467621
-2.5585585585585586,-0.6962197199275475,0.04296451663959717,-1.5740204138761302,0.3014694043470794
-2.5505505505505504,-0.6989863577766297,0.04489395695605146,-1.570183451714536,0.3112084265601853
-2.5425425425425425,-0.7013019656885198,0.046156698148751764,-1.5657147006925396,0.31838876086285905
-2.5345345345345347,-0.7035722189753242,0.046587270556914466,-1.562019682651825,0.3229616516941239
-2.5265265265265264,-0.7062383729461489,0.046237003392146765,-1.5603593916475718,0.32568474088733135
-2.5185185185185186,-0.7096674259110263,0.04536704430117103,-1.5614060175891307,0.3279309667869942
-2.5105105105105103,-0.7140578978849547,0.04438845645335756,-1.564970884036027,0.3312682480534844
-2.5025025025025025,-0.7193854004232973,0.043762864967611906,-1.5700119820919252,0.33694237271777194
-2.4944944944944947,-0.7254029194060895,0.04388746651398952,-1.5749360911227905,0.34543785533374083
-2.4864864864864864,-0.7316974706366233,0.0449928912523542,-1.5781077240735917,0.3562740803074628
-2.4784784784784786,-0.7377907133245775,0.047080136460428385,-1.5784001054365007,0.3681201784714562
-2.4704704704704703,-0.7432596238554982,0.049913952108563454,-1.5756004840473083,0.37920536081273465
-2.4624624624624625,-0.74784730347927,0.05307655491509029,-1.570523684210474,0.38789797128732645
-2.4544544544544546,-0.7515351390286015,0.05607042808380207,-1.564781998975878,0.3932626631709475
-2.4464464464464464,-0.7545560097258885,0.058445851686175124,-1.5602755548522322,0.3954046628710893
-2.4384384384384385,-0.7573424205314505,0.059921151369104114,-1.5585656404086567,0.39547557839893793
-2.4304304304304303,-0.760420109715542,0.06046384901582676,-1.560339517203324,0.3953262898329978
-2.4224224224224224,-0.7642726048297853,0.060309497309594395,-1.5651512975872814,0.396912316238746
-2.4144144144144146,-0.7692112501098901,0.059910277772561304,-1.5715356134144067,0.4016447448017141
-2.4064064064064064,-0.7752855645544334,0.05982373912878985,-1.5774672256855282,0.40990431566397434
-2.3983983983983985,-0.7822598090580966,0.060568578016587195,-1.581021654139725,0.42088740270359853
-2.3903903903903903,-0.7896652543244088,0.06248457956921048,-1.5810197443353553,0.43284504814567154
-2.3823823823823824,-0.7969178297148456,0.06563468895900683,-1.5774386348010419,0.44364492685748674
-2.374374374374374,-0.8034726535692419,0.06977794190124587,-1.5714448952745268,0.4514751386403907
-2.3663663663663663,-0.8089752958193798,0.07442447639869473,-1.5650296896258373,0.4554562996938492
-2.3583583583583585,-0.8133680383926065,0.07896216050033336,-1.56035979556449,0.4559538417611567
-2.3503503503503502,-0.8169190734029902,0.082824000676982,-1.5590568805993281,0.4544790070352305
-2.3423423423423424,-0.8201618149965914,0.08565210852996163,-1.5616462290655106,0.45320359211150296
-2.334334334334334,-0.8237557950934251,0.08741193024474529,-1.5673637705327157,0.4542445039385661
-2.3263263263263263,-0.8283035575034844,0.08842127421066898,-1.5743928356924553,0.45895498261317
-2.3183183183183185,-0.8341728814358159,0.08928043907613585,-1.580458143537899,0.4674614390070988
-2.31031031031031,-0.8413755768977915,0.09071709768806452,-1.5835824791604995,0.4786059974789364
-2.3023023023023024,-0.8495413890221446,0.09338507163669417,-1.5827532298615778,0.4903202697184015
-2.294294294294294,-0.8580007474729172,0.09767220526228701,-1.5782724143741123,0.5003102969101908
-2.2862862862862863,-0.8659594348427805,0.10357381297829778,-1.5716676406714647,0.506825298901524
-2.2782782782782784,-0.8727201580962598,0.11067306584121783,-1.565188629256836,0.509251114687494
-2.27027027027027,-0.8778889055602938,0.11824123538477997,-1.5610550961203347,0.5083252091800735
-2.2622622622622623,-0.8815038620865008,0.12543612188564682,-1.560708539766556,0.5058962518219333
-2.254254254254254,-0.8840431339084935,0.131545994522284,-1.5643222005458215,0.5043055205777198
-2.2462462462462462,-0.886300787527422,0.13620865646873326,-1.5707382228353572,0.5055972899332364
-2.2382382382382384,-0.8891599772519053,0.13953750765712655,-1.577856830044015,0.5108259513163468
-2.23023023023023,-0.8933256368067571,0.14210990633558487,-1.583347871054026,0.5196970867332598
-2.2222222222222223,-0.899096288286805,0.14481236106995288,-1.5854434325955054,0.5306673570440199
-2.214214214214214,-0.90624810932557,0.14858117200738744,-1.5835403710466338,0.5414715331511094
-2.206206206206206,-0.9140745022398222,0.1541125394514419,-1.578404942899635,0.549897763562557
-2.1981981981981984,-0.921578574763741,0.16163088920069923,-1.571907471219674,0.5545452870317954
-2.19019019019019,-0.927767497883353,0.17079184794351443,-1.566376989824189,0.5553031460515564
-2.1821821821821823,-0.93196195572134,0.18075871923213696,-1.5637980308882085,0.5533836259219709
-2.174174174174174,-0.9340233508668419,0.19043854865709384,-1.5651277026818466,0.5508979933064775
-2.166166166166166,-0.9344214724698744,0.19881179785824385,-1.569970530494634,0.5501214704577412
-2.1581581581581584,-0.9341118358439928,0.20525527539558094,-1.5767244851093,0.5527034336752101
-2.15015015015015,-0.9342516550440685,0.20975392240838237,-1.5831470155271,0.5590987648664345
-2.1421421421421423,-0.9358377007096529,0.2129269335829409,-1.5871423695201934,0.5684193109125708
-2.134134134134134,-0.9393797203708265,0.21585006313114635,-1.5874932608681287,0.5787569017211024
-2.126126126126126,-0.9447178516067752,0.21972188947515023,-1.5842792587092942,0.5878630079496306
-2.118118118118118,-0.9510509039731014,0.2254758857986703,-1.5788350112211826,0.593943800373933
-2.11011011011011,-0.9571761238912704,0.23346347051781036,-1.5732648075561593,0.596288379039431
-2.1021021021021022,-0.9618708319595896,0.2433160444502829,-1.5696880185479933,0.595507516974913
-2.094094094094094,-0.9642955623119545,0.2540397126371125,-1.5694859389872189,0.593299714457873
-2.086086086086086,-0.9642853325445343,0.26432111708427797,-1.5728195691635403,0.5918309964901739
-2.078078078078078,-0.9624270000940678,0.27295089295523184,-1.5785897466734042,0.5929536277018985
-2.07007007007007,-0.9598881373090775,0.27922736531237197,-1.5848508502615157,0.5975463609090809
-2.062062062062062,-0.9580454030961703,0.2832037509617065,-1.5895250003366963,0.6052137679747925
-2.054054054054054,-0.9580304931098651,0.2856894547044721,-1.5911551552786678,0.6144506900459673
-2.046046046046046,-0.9603446527247177,0.2879961461236392,-1.5894226107166796,0.6232077232398593
-2.038038038038038,-0.9646752583885183,0.29150612907331025,-1.5852421342719263,0.6296472555790529
-2.03003003003003,-0.9699837978046657,0.2972043406612425,-1.580404228800865,0.6328108663476233
-2.022022022022022,-0.974843861772974,0.3053329701146625,-1.5769011712436665,0.6329534377386952
-2.014014014014014,-0.9779208736419641,0.3152910354747502,-1.5761894966965104,0.6314244416639997
-2.006006006006006,-0.9784326406522372,0.3258207834699968,-1.578663206166279,0.6301460163989289
-1.997997997997998,-0.9764311813740052,0.3354247842761703,-1.5835310535843177,0.6308873742233081
-1.98998998998999,-0.9728033290856308,0.3428756696927729,-1.5891382316142142,0.6346094820445286
-1.981981981981982,-0.968982468088568,0.3476439769529297,-1.5936053850108731,0.6411248524700194
-1.973973973973974,-0.9664644657669061,0.35009305692310944,-1.5955395005750805,0.6491958439063065
-1.965965965965966,-0.9662920856072854,0.35136736888200437,-1.594546720668749,0.6570274177279708
-1.957957957957958,-0.9686876682461079,0.35300621569863744,-1.5913556033650311,0.6629608148530537
-1.94994994994995,-0.9729662812489008,0.35641251032716975,-1.5875104434594753,0.6661002730741803
-1.941941941941942,-0.9777657578904845,0.3623605605047066,-1.5847596291955268,0.6666340247012237
-1.9339339339339339,-0.9815187122830319,0.3707173991378796,-1.5843797409204816,0.6657317313471025
-1.9259259259259258,-0.9830040217448733,0.38048034962144905,-1.586697557648446,0.6650659279777524
-1.917917917917918,-0.9817834365392473,0.39012320378792126,-1.5909914570594046,0.6661503283429147
-1.90990990990991,-0.9783658950135689,0.398133090639807,-1.595803007354992,0.6697563036713821
-1.901901901901902,-0.9740363954374951,0.4035494911642862,-1.5995284623762456,0.6756340993049692
-1.8938938938938938,-0.9704054390751349,0.40631243406401785,-1.6010519607471694,0.682641819021388
-1.8858858858858858,-0.9688366627820422,0.4072920035158402,-1.6001698091539507,0.6892224566720068
-1.877877877877878,-0.9699570345527296,0.4079840374757866,-1.5976424610924302,0.6940322991272626
-1.86986986986987,-0.9734275630615189,0.4099774428946449,-1.5948620043120603,0.6964673066466297
-1.8618618618618619,-0.9780608046090367,0.4143831306983339,-1.5932769464090868,0.6968795940755365
-1.8538538538538538,-0.9822465838947293,0.4214314588174391,-1.5938108286264758,0.6964045691009361
-1.8458458458458458,-0.9845343148947742,0.4303866157540142,-1.5965090152839794,0.696477854745853
-1.837837837837838,-0.9841608837914799,0.43981247448664923,-1.6005508487480804,0.6982451267273264
-1.82982982982983,-0.9813302186918529,0.448095917992863,-1.6046129396302078,0.7021072805867854
-1.8218218218218218,-0.9771396078450927,0.45403766605618334,-1.6074263342440482,0.7075828690962355
-1.8138138138138138,-0.9731769871952546,0.45729340776505173,-1.6082943516796941,0.7135356754074669
-1.8058058058058057,-0.9709355619435923,0.45850098794765887,-1.607359438444806,0.7186639676574151
-1.7977977977977977,-0.9712615880554172,0.4590442478420549,-1.6055160971903217,0.7220423889038372
-1.7897897897897899,-0.9740410004004384,0.4605390297817846,-1.604016219194501,0.7234908220075789
-1.7817817817817818,-0.978243269525594,0.46423155495387713,-1.6039399293750922,0.7236224318570127
-1.7737737737737738,-0.9823079736268874,0.47053397385574247,-1.6057564984321098,0.7235611124018093
-1.7657657657657657,-0.9847305172923627,0.47887219632896094,-1.6091556689984476,0.7244574534815933
-1.7577577577577577,-0.9846271305204533,0.4879046450465776,-1.613210456183204,0.7270132462467144
-1.7497497497497498,-0.9820655027435958,0.49603057381661625,-1.6167904154548698,0.7312142285022648
-1.7417417417417418,-0.9780349716814309,0.5019960478272661,-1.6190407541717708,0.7363756242225787
-1.7337337337337337,-0.9740667648048043,0.5053672668799245,-1.6197211274787366,0.74146787750476
-1.7257257257257257,-0.9716486589135356,0.5066903384163954,-1.6192658131833446,0.7455710540373588
-1.7177177177177176,-0.9716580176046231,0.5072759959503036,-1.6185524748492923,0.7482568291590485
-1.7097097097097098,-0.974031065299225,0.5086918672727102,-1.6184935902083148,0.7497365601531235
-1.7017017017017018,-0.9777958078269771,0.5121581594580821,-1.6196371499494941,0.7507227829168677
-1.6936936936936937,-0.9814554473018556,0.5180806416044371,-1.6219510223621998,0.7520795266245477
-1.6856856856856857,-0.9835727971294638,0.5259019349089245,-1.62487645033369,0.7544267004217413
-1.6776776776776776,-0.9833275302601051,0.5343281644219311,-1.6276126365156185,0.7578765939565055
-1.6696696696696696,-0.9808285614269264,0.5418410487795591,-1.6294928701077787,0.7620130697348351
-1.6616616616616617,-0.9770601293653405,0.5472932961818353,-1.630278227474191,0.7661095385844613
-1.6536536536536537,-0.9734847852346179,0.5503524704676451,-1.63024077877648,0.7694739809092933
-1.6456456456456456,-0.9714623600518195,0.5516189054763649,-1.6300105162519238,0.7717571316191266
-1.6376376376376376,-0.971716766241497,0.5523733127811588,-1.6302697204570584,0.7730853358578966
-1.6296296296296295,-0.9740626028160076,0.5540577463135552,-1.6314442738087243,0.7739677228645764
-1.6216216216216217,-0.977498454674498,0.557700069483873,-1.6335346649138907,0.7750346950848871
-1.6136136136136137,-0.980625554012981,0.5635137564032228,-1.6361562701827315,0.7767402393098994
-1.6056056056056056,-0.9822190945851803,0.5708325686449802,-1.638756217851836,0.779170016657636
-1.5975975975975976,-0.9817185933525517,0.5784025013661346,-1.6408924621009684,0.7820389514526844
-1.5895895895895895,-0.9794384496173982,0.5849073476874448,-1.6424376584232727,0.7848668540020493
-1.5815815815815817,-0.9764162222860137,0.5895093485135362,-1.6436144706384088,0.7872357782452758
-1.5735735735735736,-0.9739662203061203,0.5921820073511398,-1.6448557820985639,0.7889987881813306
-1.5655655655655656,-0.9731275260630632,0.5937002438741257,-1.646568848804557,0.7903407709277027
-1.5575575575575575,-0.9742378075246609,0.5952970168332771,-1.6489250570449803,0.7916697856520425
-1.5495495495495495,-0.976809434372802,0.5981350852469319,-1.6517777601390742,0.7934018317783549
-1.5415415415415414,-0.9797555206364751,0.6028189285196747,-1.6547420603771894,0.7957510060104082
-1.5335335335335336,-0.9818650754786181,0.6091526774509713,-1.657388692144655,0.7986282573411986
-1.5255255255255256,-0.9823215517913501,0.6162433482734729,-1.659450546704118,0.8016925906393461
-1.5175175175175175,-0.9810425338543151,0.6229002269959062,-1.66094009472405,0.8045207982534525
-1.5095095095095095,-0.9786971870712401,0.6281546099193147,-1.6621262609669607,0.8068054746118066
-1.5015015015015014,-0.9763983883127412,0.6316738347889662,-1.6633920854798614,0.8084832182993855
-1.4934934934934936,-0.9752074215848487,0.633891366369062,-1.6650517777438807,0.8097365969453899
-1.4854854854854855,-0.9756694880326889,0.6357997964710537,-1.6672195555368736,0.8108804347000316
-1.4774774774774775,-0.9775830002172048,0.6385013381611021,-1.6697888635705835,0.8121995421839492
-1.4694694694694694,-0.980101472884226,0.6427159887829078,-1.6725198267304422,0.8138229662524331
-1.4614614614614614,-0.9821196887307916,0.6484645955781014,-1.6751783732945218,0.815692815023385
-1.4534534534534536,-0.982770725927518,0.6550651598764626,-1.677650104647191,0.8176312207405374
-1.4454454454454455,-0.9818127782618417,0.6614409824775959,-1.6799736020887464,0.8194577702884908
-1.4374374374374375,-0.9797354987739252,0.6666009551201901,-1.6822865493007293,0.8210885663264385
-1.4294294294294294,-0.9775418993544934,0.6700771487674925,-1.6847255237229128,0.8225657489375066
-1.4214214214214214,-0.9763068025038005,0.6721262553779653,-1.6873410389670338,0.8240099647131158
-1.4134134134134133,-0.9767112327514295,0.6736093282575608,-1.690074354808158,0.8255318709201831
-1.4054054054054055,-0.978759845383768,0.6756094631175716,-1.6928030328398311,0.8271582389952948
-1.3973973973973974,-0.9818026718932038,0.6789635470671347,-1.6954222763689473,0.8288146924289465
-1.3893893893893894,-0.9848429315462992,0.6839192395113223,-1.6979112801040102,0.8303708454481148
-1.3813813813813813,-0.9869836905319578,0.6900667200408241,-1.7003465205175496,0.8317169719254793
-1.3733733733733733,-0.9878068503210323,0.6965658043686003,-1.7028575574800553,0.8328253098294774
-1.3653653653653655,-0.9875148493728574,0.7025531332235814,-1.7055545860801937,0.8337613764899569
-1.3573573573573574,-0.9867801718660539,0.7075344790704344,-1.708471224428067,0.8346420591021498
-1.3493493493493494,-0.9863856012776547,0.7115802340430508,-1.7115540312192163,0.8355681448603458
-1.3413413413413413,-0.9868339858753595,0.7152403909939257,-1.7147009668377466,0.8365714488990099
-1.3333333333333333,-0.9881153524864674,0.7192310680256854,-1.7178228456508295,0.8376049509005286
-1.3253253253253254,-0.9897384526301427,0.7240526482582307,-1.7208911180645696,0.838577206395658
-1.3173173173173174,-0.9910032458723641,0.729728521131279,-1.72394681322178,0.8394069706496683
-1.3093093093093093,-0.991374088528929,0.735790374124454,-1.7270703639142388,0.8400651462817366
-1.3013013013013013,-0.9907669299989068,0.7415128079165001,-1.7303343384502246,0.8405823875877532
-1.2932932932932932,-0.9896093479934189,0.7462775678111285,-1.7337679140114899,0.8410231743253954
-1.2852852852852852,-0.988646284169438,0.749885865510733,-1.7373509933975808,0.841446234305608
-1.2772772772772774,-0.988589904702926,0.7526657016715018,-1.7410359621146418,0.8418758605123414
-1.2692692692692693,-0.9897869852057505,0.7553245196807692,-1.7447794416408386,0.8422980649642626
-1.2612612612612613,-0.9920652218371825,0.7586236127537682,-1.7485639456914635,0.8426783388904507
-1.2532532532532532,-0.9948282562095482,0.7630364545639823,-1.7523995374621482,0.8429857038278815
-1.2452452452452452,-0.9973450690897301,0.7685564870656957,-1.7563098830245678,0.8432074919927343
-1.2372372372372373,-0.999085532888937,0.7747408261034822,-1.7603155800950756,0.8433489301300102
-1.2292292292292293,-0.9999368482266185,0.7809564128657371,-1.7644258146275384,0.8434229031621562
-1.2212212212212212,-1.000202085190117,0.7866959561568844,-1.7686405277898833,0.8434402211558502
-1.2132132132132132,-1.0003960904044373,0.7918024516849712,-1.772957053707951,0.8434070748638105
-1.2052052052052051,-1.0009558991958496,0.7964957428754293,-1.7773735899448548,0.8433285391972729
-1.1971971971971973,-1.0020203570393613,0.8012018315624625,-1.7818869165899258,0.8432118821501834
-1.1891891891891893,-1.003389382360117,0.8062881201890825,-1.7864882274857568,0.843064874783279
-1.1811811811811812,-1.0046729544575415,0.8118519596119721,-1.7911629297890985,0.8428902574896263
-1.1731731731731732,-1.005538228682521,0.8176742989262649,-1.7958962116371986,0.8426822267315616
-1.165165165165165,-1.0059143060162106,0.8233563052157137,-1.8006798885134456,0.8424297654715923
-1.157157157157157,-1.006042693611477,0.8285566705319588,-1.8055133988337964,0.8421254633790488
-1.1491491491491492,-1.0063496862176293,0.8331951735739213,-1.8103957210942072,0.8417724334431866
-1.1411411411411412,-1.0072151514676548,0.8375108072578535,-1.8153127145993269,0.8413815870361665
-1.1331331331331331,-1.0087666140241023,0.8419458237934709,-1.8202296349335927,0.8409579667273073
-1.125125125125125,-1.0108095720029013,0.8469230925506074,-1.8250965515947362,0.8404834492416267
-1.117117117117117,-1.012926721161682,0.8526399518130278,-1.8298659451328931,0.839907065084397
-1.1091091091091092,-1.0146853675612255,0.8589877000216893,-1.8345130885653294,0.8391498354826376
-1.1011011011011012,-1.0158361260526856,0.8656321324183913,-1.83904780425713,0.8381212457539081
-1.093093093093093,-1.016397049055811,0.8722003183778462,-1.8435128489547516,0.8367367243230486
-1.085085085085085,-1.0165868994015579,0.8784633196691605,-1.8479746465145317,0.8349261960665005
-1.077077077077077,-1.0166578449555912,0.8844136872340337,-1.8525179275653507,0.8326330310511553
-1.0690690690690692,-1.0167316146873155,0.890202495759976,-1.8572514611504753,0.829813601181081
-1.0610610610610611,-1.0167348401667466,0.8959833293459444,-1.862319481927837,0.8264509630209385
-1.053053053053053,-1.0164664356919388,0.9017618216484601,-1.8679015966446095,0.8225872766226487
-1.045045045045045,-1.0157512434083094,0.9073409596234119,-1.8741829307457292,0.818362534264122
-1.037037037037037,-1.0145861764537027,0.9123920812489399,-1.8812899363441729,0.8140329863039814
-1.029029029029029,-1.0131942080728853,0.9166070719124673,-1.8892098269502413,0.809942368260831
-1.021021021021021,-1.0119594401733696,0.9198430535108739,-1.8977302564327003,0.8064363914333013
-1.013013013013013,-1.011286319470118,0.9221812192606229,-1.9064382477012798,0.8037392218200503
-1.005005005005005,-1.0114657629307482,0.9238770036999896,-1.9147990260546723,0.8018357583601509
-0.996996996996997,-1.0126187301587724,0.925243486185181,-1.9223028455461635,0.8004115438688922
-0.988988988988989,-1.0147344540119072,0.9265442462141955,-1.9286356342831505,0.7988869360057532
-0.980980980980981,-1.0177613590585304,0.9279570415751925,-1.9338126033908238,0.7965486816005096
-0.972972972972973,-1.021680442845622,0.9296182028816286,-1.938221422993783,0.7927440259359515
-0.964964964964965,-1.026509002355201,0.9317040252236626,-1.9425510512068245,0.7870760020844567
-0.9569569569569569,-1.0322326105484967,0.9344834627206321,-1.947622209998425,0.7795346854177424
-0.948948948948949,-1.0387115183872362,0.9382979456523576,-1.954170112742867,0.7705195002730398
-0.9409409409409409,-1.0456236325567287,0.9434727476543822,-1.962646293022526,0.7607439345927626
-0.9329329329329329,-1.0524817578356016,0.9502073807229359,-1.9730989851435017,0.7510522670755811
-0.924924924924925,-1.058716113225338,0.9585029017629895,-1.985164473324338,0.7422043369197328
-0.9169169169169169,-1.0637755606649848,0.9681573653593754,-1.998166065548744,0.7346906920710943
-0.908908908908909,-1.0671959248942025,0.9788167153430354,-2.0112858057351906,0.728626407930846
-0.9009009009009009,-1.068612007091723,0.9900367771170817,-2.023756649826746,0.7237444122537605
-0.8928928928928929,-1.0677305154178556,1.0013122171214657,-2.035023335126258,0.7194788721182345
-0.8848848848848849,-1.0643067238036754,1.0120577543519076,-2.04483575233015,0.7151060029740298
-0.8768768768768769,-1.0581626740000063,1.0215640949758547,-2.053262037330805,0.7098994570773011
-0.8688688688688688,-1.0492547333076656,1.0289712427633269,-2.06063145407861,0.7032609153942625
-0.8608608608608609,-1.0377645820340593,1.0332933980403327,-2.067432927865903,0.694799948700991
-0.8528528528528528,-1.0241718391353674,1.0335004845184452,-2.0742008457777565,0.6843547240078806
-0.8448448448448449,-1.0092763781182132,1.0286316471035724,-2.081416146206612,0.6719609681937541
-0.8368368368368369,-0.9941645357376997,1.0179037750776985,-2.0894409841611923,0.6577869020296205
-0.8288288288288288,-0.980137656352295,1.0007875151767744,-2.0984935101612536,0.6420553215604847
-0.8208208208208209,-0.968629934955151,0.9770442558648711,-2.1086591154101155,0.6249715843048391
-0.8128128128128128,-0.9611342658812273,0.94673477387491,-2.11992801084405,0.6066702646877113
-0.8048048048048048,-0.9591398165997606,0.9102141711980853,-2.1322467057101413,0.5871862871467801
-0.7967967967967968,-0.9640754219959329,0.8681201390771672,-2.1455720003133862,0.5664504901167022
-0.7887887887887888,-0.9772538942955394,0.8213518551081502,-2.15991899270957,0.5443058860306648
-0.7807807807807807,-0.9998200576108127,0.771033581720656,-2.1753977878037336,0.5205393994149257
-0.7727727727727728,-1.032711516459427,0.7184618878459751,-2.1922360380864596,0.49492388548025923
-0.7647647647647647,-1.076640517229619,0.6650431248763458,-2.2107857971903866,0.4672657671911434
-0.7567567567567568,-1.132098984089846,0.6122317286049256,-2.2315137474015327,0.4374538581457306
-0.7487487487487487,-1.199382543643351,0.5614776816314645,-2.25497437016987,0.40550452500539336
-0.7407407407407407,-1.278627793965579,0.5141861651472579,-2.281766762311786,0.3715975328883086
-0.7327327327327328,-1.3698602051303326,0.47168928503241564,-2.312477895320772,0.3360963986085727
-0.7247247247247247,-1.4730537675163748,0.4352314646188271,-2.347617936760043,0.29954765513856246
-0.7167167167167167,-1.5882035895575295,0.4059748864164091,-2.3875560257733843,0.26265563587837437
-0.7087087087087087,-1.715408205171503,0.3850350650437339,-2.4324665699065937,0.2262331661982089
-0.7007007007007007,-1.8549520386944756,0.3735564601787412,-2.4822957994753905,0.19113317770103547
-0.6926926926926927,-2.007373558830121,0.37283465812533895,-2.536755614552573,0.1581705281652136
-0.6846846846846847,-2.1735018420200607,0.384487834849043,-2.5953470875444817,0.1280459297889463
-0.6766766766766766,-2.3544411802059986,0.41067746637360336,-2.6574104336648885,0.1012839675222742
-0.6686686686686687,-2.5514771303375414,0.4543744645944779,-2.7221932724029267,0.07819457443220632
-0.6606606606606606,-2.7658682100666327,0.5196571271928133,-2.788925877066719,0.05886267984494601
-0.6526526526526526,-2.9984803037704966,0.6120070838199805,-2.856891579688863,0.04316529962559117
-0.6446446446446447,-3.249224248596826,0.7385385808112088,-2.9254825207504234,0.030810494582401936
-0.6366366366366366,-3.5162796380734442,0.9080607118599601,-2.9942347629116566,0.02138948926352991
-0.6286286286286287,-3.795134888385382,1.130842738782806,-3.0628412853952534,0.014432332503088263
-0.6206206206206206,-4.077544412920829,1.4179442595491525,-3.131145397710409,0.009458646487268236
-0.6126126126126126,-4.350589614262572,1.7800007215437939,-3.1991198398273717,0.0060176012550913534
-0.6046046046046046,-4.596112379177357,2.2254340850522696,-3.2668379424363563,0.003714390888884639
-0.5965965965965966,-4.790838108572121,2.758192417343073,-3.3344428492122784,0.0022233649745652556
-0.5885885885885885,-4.90748398637641,3.375296726993948,-3.4021194161711965,0.0012900385899016719
-0.5805805805805806,-4.91702705501682,4.064649637909966,-3.470071578506614,0.0007252593780089458
-0.5725725725725725,-4.792079445360226,4.803677943778215,-3.5385062230614137,0.0003949408681249366
-0.5645645645645646,-4.511018039144192,5.559373900015286,-3.6076232587966732,0.00020825086106359574
-0.5565565565565566,-4.062218181522704,6.290124888373287,-3.677610768813995,0.00010630234472700787
-0.5485485485485485,-3.4475455542025166,6.949383972918565,-3.7486438197989935,5.2517163242878686e-5
-0.5405405405405406,-2.684256452934101,7.490802676608304,-3.8208855647254936,2.510596167554584e-5
-0.5325325325325325,-1.8046850567115165,7.874038609055008,-3.8944895408710547,1.1611699388446045e-5
-0.5245245245245245,-0.8535237782890772,8.070193104027515,-3.9696023983832145,5.195086047462741e-6
-0.5165165165165165,0.11697469137221085,8.065821969048004,-4.04636660166071,2.2480610580655575e-6
-0.5085085085085085,1.0530714803052497,7.86471812062008,-4.124922881380609,9.407729885680509e-7
-0.5005005005005005,1.9058004968337017,7.487126997010279,-4.205412370266268,3.8068489741129407e-7
-0.4924924924924925,2.636296956562618,6.966598542436749,-4.28797844283754,1.4893277104311582e-7
-0.4844844844844845,3.2193210159525294,6.345155549868818,-4.372768318365452,5.632396936999417e-8
-0.47647647647647645,3.6445300059258257,5.6677460888612785,-4.459934496267047,2.0587435061342252e-8
-0.46846846846846846,3.9155423769652855,4.9769894254834695,-4.549636088784343,7.2717157074256625e-9
-0.46046046046046046,4.047257835703768,4.309037009634124,-4.642040106273025,2.481466659185613e-9
-0.45245245245245247,4.06215672089351,3.6910303976585563,-4.737322740762211,8.179371900994113e-10
-0.4444444444444444,3.986361183858309,3.1402530856076907,-4.835670685771313,2.6035570580236593e-10
-0.4364364364364364,3.8461239935242326,2.6647429359671047,-4.937282525232016,8.000911668885506e-11
-0.42842842842842843,3.6651817885112603,2.2649218578985795,-5.042370221605968,2.373134029293327e-11
-0.42042042042042044,3.4631467903336657,1.9357300420849346,-5.151160732540837,6.792007238628126e-12
-0.4124124124124124,3.254882189944487,1.6688034871919233,-5.263897786329931,1.875207112978102e-12
-0.4044044044044044,3.0506531131896972,1.4543613551706729,-5.380843848808069,4.99297258288214e-13
-0.3963963963963964,2.8567785973983124,1.2826235284883254,-5.502282318033818,1.2817845185499155e-13
-0.3883883883883884,2.6765175015234908,1.1447173824561103,-5.628519988203522,3.171848640052104e-14
-0.38038038038038036,2.51097662449034,1.033131908699015,-5.7598898308517965,7.565826576952411e-15
-0.37237237237237236,2.3599042696658383,0.9418300570242859,-5.896754149760531,1.7512954106229016e-15
-0.36436436436436437,2.2223044956456266,0.8661426324407486,-6.039508176486008,4.688747380811182e-16
-0.3563563563563564,2.0968628710560027,0.8025521067629032,-6.188584186514577,5.88825732809161e-16
-0.3483483483483483,1.9822090601134188,0.7484461333624266,-6.344456232442144,2.946605762638588e-15
-0.34034034034034033,1.877056755803778,0.7018896332021858,-6.507645611131706,1.6276076661769185e-14
-0.33233233233233234,1.7802624903493356,0.6614381887461798,-6.678727207731317,8.684665671846204e-14
-0.32432432432432434,1.6908376776809422,0.6259972785117459,-6.858336892341598,4.453512195231524e-13
-0.3163163163163163,1.6079380508128134,0.5947217211116881,-7.047180187191578,2.194420816941792e-12
-0.3083083083083083,1.5308450075846407,0.5669458969416745,-7.246042476422557,1.038970557807421e-11
-0.3003003003003003,1.4589461009515405,0.5421355381154888,-7.455801101175902,4.726652688959455e-11
-0.2922922922922923,1.3917174189380617,0.5198539437253422,-7.677439775560795,2.0662003485106066e-10
-0.28428428428428426,1.328708411951418,0.4997378310798345,-7.912065882785054,8.678818763396577e-10
-0.27627627627627627,1.269528996977279,0.4814798621376834,-8.160931377860972,3.5028328628584416e-9
-0.2682682682682683,1.2138387057377582,0.46481599227818565,-8.425458252876625,1.3584697418722012e-8
-0.2602602602602603,1.1613377248214076,0.4495163417658235,-8.707269842361193,5.06236462579999e-8
-0.25225225225225223,1.1117596804733223,0.4353785600735419,-9.008229706705583,1.8127207511926948e-7
-0.24424424424424424,1.0648659387356936,0.42222284753490547,-9.330490506900958,6.237111950853698e-7
-0.23623623623623624,1.0204410929690124,0.4098880092162593,-9.676556297628172,2.062112842292551e-6
-0.22822822822822822,0.97828925624453,0.3982281500573078,-10.049363215896705,6.551166827625752e-6
-0.22022022022022023,0.9382307943153402,0.38710985710186985,-10.452385932040762,1.999877104805925e-5
-0.2122122122122122,0.9000992424392638,0.3764099295001084,-10.889780882749285,5.866342693363289e-5
-0.2042042042042042,0.8637383641185767,0.3660138662429031,-11.366582715117714,0.00016535299133550935
-0.1961961961961962,0.8289996230119095,0.3558153200928734,-11.888977871424215,0.0004478557968137531
-0.1881881881881882,0.7957406581032302,0.3457164686255971,-12.464688425768045,0.0011655927828830642
-0.18018018018018017,0.7638254700056502,0.33562870068192246,-13.103507808631932,0.0029150027506603927
-0.17217217217217218,0.7331266814203656,0.32547230862909343,-13.818031732679238,0.0070051186285840245
-0.16416416416416416,0.7035292714698891,0.31517338301334075,-14.624609977738542,0.016176230789038928
-0.15615615615615616,0.6749337468746379,0.3046563310771328,-15.544487083547375,0.035894290094731676
-0.14814814814814814,0.6472553496397346,0.2938317723217197,-16.604974898322542,0.07653506300810264
-0.14014014014014015,0.6204154485944691,0.28258196078253356,-17.840280955179452,0.15681347419736277
-0.13213213213213212,0.5943225007362668,0.2707486736021307,-19.291297222219935,0.3087414558268587
-0.12412412412412413,0.5688431517120668,0.2581304736178217,-21.00327674387365,0.5841116968319651
-0.11611611611611612,0.5437685415666839,0.24449606813666216,-23.02001603174749,1.0619081460271294
-0.10810810810810811,0.5187851663085624,0.22961734437842246,-25.373141753914158,1.8551061582292403
-0.1001001001001001,0.493461754469787,0.21331987341262215,-28.065661592580305,3.1141675857161024
-0.0920920920920921,0.46726196639345113,0.19554185041732175,-31.050334737270063,5.023508984460232
-0.08408408408408409,0.4395869566868269,0.17638708927680355,-34.20568784734713,7.786905932214914
-0.07607607607607608,0.4098432870760667,0.15615628284160857,-37.31527877836901,11.598871149677178
-0.06806806806806807,0.3775231040135415,0.13534458689163206,-40.05821077695691,16.601985715876012
-0.06006006006006006,0.3422781381416515,0.11460205849451527,-42.019649948327725,22.834856451470326
-0.05205205205205205,0.3039693160603962,0.09466400670675032,-42.72795593549083,30.180807176430637
-0.044044044044044044,0.26268001206608516,0.0762672509840896,-41.71944202069083,38.33169834653911
-0.036036036036036036,0.21869132860048057,0.06007233617621858,-38.6234828520125,46.782152937164724
-0.028028028028028028,0.17242874720894924,0.04660933393069276,-33.25194477135853,54.865269519245466
-0.02002002002002002,0.12439720966257792,0.03625675940879964,-25.67099417843265,61.83155816742834
-0.012012012012012012,0.07512352594524385,0.029252218518796575,-16.23331855620052,66.96045101668766
-0.004004004004004004,0.02512046789838275,0.02572350672448467,-5.556078292961892,69.68224768321478
0.004004004004004004,-0.025122243795474185,0.02572337548968508,5.55679782037404,69.68215627353547
0.012012012012012012,-0.07512531880787944,0.029251810647920637,16.233981412932685,66.96018752002328
0.02002002002002002,-0.12439904667113527,0.0362560327410422,25.671552420386714,61.831152708174244
0.028028028028028028,-0.17243067716392022,0.04660821985796065,33.25236591793545,54.864765948807246
0.036036036036036036,-0.2186934351402123,0.060070743859932024,38.62375324079703,46.78160104878857
0.044044044044044044,-0.2626824282898683,0.07626507628936484,41.719566360392896,38.33114587554842
0.05205205205205205,-0.3039722387667024,0.09466114800719107,42.72795364142708,30.180293334406155
0.06006006006006006,-0.3422818382017842,0.11459844092567276,42.0195495549287,22.834408110617318
0.06806806806806807,-0.37752792757015524,0.13534019493833133,40.058043957885374,16.601616519054293
0.07607607607607608,-0.40984964097185766,0.15615119774497327,37.315075277884084,11.59858306798314
0.08408408408408409,-0.4395952723139633,0.17638152247758657,34.20547210144914,7.786692335150292
0.0920920920920921,-0.467272641066091,0.195536158313055,31.05012436666338,5.023358192402505
0.1001001001001001,-0.49347507980570904,0.21331453532292136,28.06546747435245,3.1140660717444573
0.10810810810810811,-0.5188012677161492,0.2296128895400371,25.37296912503232,1.855040913552871
0.11611611611611612,-0.5437873665077277,0.2444929529012996,23.01986604497706,1.0618680745892377
0.12412412412412413,-0.5688645481233826,0.2581289369248788,21.00314801748016,0.5840881618374245
0.13213213213213212,-0.5943464116738083,0.2707486305103046,19.29118710899842,0.3087282294332771
0.14014014014014015,-0.6204422106890994,0.28258301662244023,17.8401864298172,0.15680635829489611
0.14814814814814814,-0.6472860274824923,0.2938334372460517,16.604893084011586,0.07653139646183187
0.15615615615615616,-0.6749703810823363,0.3046584748712917,15.544415500605682,0.03589248012079272
0.16416416416416416,-0.7035748903314397,0.3151768951058056,14.62454661098762,0.016175374535670112
0.17217217217217218,-0.7331849465508882,0.3254798383201559,13.81797500013826,0.007004730338999749
0.18018018018018017,-0.7638999007634331,0.3356452809307305,13.103456489363921,0.0029148339296732034
0.1881881881881882,-0.7958334891129947,0.345749805715631,12.464641580880151,0.0011655223953327346
0.1961961961961962,-0.8291104561124362,0.35587557500481914,11.8889347744147,0.00044782764961281214
0.2042042042042042,-0.8638628409844494,0.36611284603579874,11.366542796740367,0.0001653421942350598
0.2122122122122122,-0.9002279689339078,0.3765597089495866,10.889743689941087,5.865945349079663e-5
0.22022022022022023,-0.9383487089538736,0.38732092176544913,10.452351098299932,1.9997368028180578e-5
0.22822822822822822,-0.9783755956098832,0.39850717892186155,10.049330440178482,6.550691446960109e-6
0.23623623623623624,-1.0204701043879092,0.41023542713310196,9.676525329271254,2.061958267290659e-6
0.24424424424424424,-1.0648085224891168,0.42263033013683793,9.33046113472591,6.236629567505397e-7
0.25225225225225223,-1.1115861537915206,0.435826805926272,9.008201750987348,1.8125762629737637e-7
0.2602602602602603,-1.1610218038048756,0.4499736164697504,8.707243148799927,5.061949204843793e-8
0.2682682682682683,-1.2133625461743747,0.4652381029521649,8.425432687982111,1.3583550886447475e-8
0.27627627627627627,-1.2688887541949732,0.4818122124258184,8.160906825358703,3.5025290894012004e-9
0.28428428428428426,-1.3279194011537623,0.49991995688356045,7.912042240776443,8.678046081614722e-10
0.2922922922922923,-1.390817744577278,0.5198264701006355,7.677416954251352,2.066011654275365e-10
0.3003003003003003,-1.4579976787061428,0.5418489714125904,7.455779021038502,4.7262102617369234e-11
0.3083083083083083,-1.5299311955088215,0.5663702468876441,7.246021066699643,1.0388709561190704e-11
0.3163163163163163,-1.6071574936239377,0.5938557220137218,7.047159384664244,2.1942055175652365e-12
0.32432432432432434,-1.6902943070429683,0.624875880573197,6.85831664031218,4.4530654479209366e-13
0.33233233233233234,-1.7800519133517154,0.6601368541181434,6.6787074551783,8.683781053230273e-14
0.34034034034034033,-1.8772496993187644,0.7005237015648911,6.507626312005409,1.6274615980835465e-14
0.3483483483483483,-1.982833399628274,0.7471632756913137,6.344437345076853,2.9472204455817117e-15
0.3563563563563564,-2.097887163465542,0.8015161187697227,6.1885656731383145,5.9210417300418e-16
0.36436436436436437,-2.2236275264854295,0.8655080936080999,6.039490002813228,4.800846811111387e-16
0.37237237237237236,-2.3613560905956397,0.9417099778266301,5.89673628465661,1.786140427082328e-15
0.38038038038038036,-2.512335844546998,1.0335640121237113,5.75987224606092,7.662838984613176e-15
0.3883883883883884,-2.6775464838741256,1.1456379130429843,5.628502658134124,3.194411953266203e-14
0.3963963963963964,-2.8572729057444874,1.2838587599136633,5.502265219597755,1.2851388503128163e-13
0.4044044044044044,-3.0504954603952443,1.4556448272751243,5.380826961311994,4.988483748557159e-13
0.4124124124124124,-3.2540865872139553,1.6698210928227375,5.263881091419137,1.8684193108400774e-12
0.42042042042042044,-3.4618779306992913,1.9361866674263095,5.151144214198558,6.753342537628593e-12
0.42842842842842843,-3.6637391835658435,2.2646150568071035,5.042353866213634,2.355962966304743e-11
0.4364364364364364,-3.844889363259418,2.6636242849127267,4.937266321699457,7.934155900139792e-11
0.4444444444444444,-3.985718469776185,3.1384587661194323,4.835654625750616,2.579880925301437e-10
0.45245245245245247,-4.062403170629929,3.688869552754787,4.7373068189651555,8.10125805186873e-10
0.46046046046046046,-4.04852859020279,4.306937575036745,4.6420243209212035,2.4572330695458096e-9
0.46846846846846846,-3.917768319787589,4.975412872249776,4.54962044223403,7.200553837097221e-9
0.47647647647647645,-3.6474401255236684,5.667091025019118,4.459918995869938,2.0388771710131e-8
0.4844844844844845,-3.2224889997656923,6.34567283461712,4.372752977653461,5.579506782977771e-8
0.4924924924924925,-2.639220827609443,6.968336986360148,4.287963283156406,1.4758681229698223e-7
0.5005005005005005,-1.907996922177091,7.4899204423338865,4.205397423030659,3.7740470418447615e-7
0.5085085085085085,-1.05416448763945,7.868214567029245,4.124908191178535,9.331052253758186e-7
0.5165165165165165,-0.11676165564366489,8.069546404862853,4.046352230489649,2.230843750606646e-6
0.5245245245245245,0.8550395663050404,8.07362991673141,3.969588431335006,5.157899316063152e-6
0.5325325325325325,1.8072984362564164,7.876717587583809,3.8944760935661953,1.1534335868905608e-5
0.5405405405405406,2.687597681323875,7.492374067076956,3.82087279268084,2.495071332405265e-5
0.5485485485485485,3.451142841771401,6.9496714551149825,3.7486319296260078,5.221620677984239e-5
0.5565565565565566,4.065574784717981,6.289149404261338,3.677600030585212,0.00010573788443305146
0.5645645645645646,4.5136918667384585,5.557345357965594,3.607614017931931,0.0002072249915160221
0.5725725725725725,4.79375268394363,4.8009560502996385,3.538498908442255,0.00039313146406154306
0.5805805805805806,4.917554027835248,4.06167978111887,3.4700667009126858,0.0007221579920665325
0.5885885885885885,4.9069081233733876,3.3725316951797786,3.402117547219188,0.001284866964851824
0.5965965965965966,4.789374112004859,2.756014570331511,3.334444565655776,0.00221496949356791
0.6046046046046046,4.5940969227522865,2.2240936490314893,3.2668437145427887,0.00370112081208912
0.6126126126126126,4.348411361270869,1.7795828920895036,3.199129837561376,0.005997188918403292
0.6206206206206206,4.075569228182044,1.4183710064767858,3.13115918865063,0.009428127096329418
0.6286286286286287,3.7936428577436363,1.1319065464087963,3.0628574098639985,0.014388066685512287
0.6366366366366366,3.515426533587678,0.9094798139886964,2.9942502017868056,0.02132737753001432
0.6446446446446447,3.2490328545427727,0.7400190220984233,2.9254921247098995,0.030726487465494244
0.6526526526526526,2.9988591045159403,0.613297177522207,2.8568876029098775,0.04305629292753997
0.6606606606606606,2.7666488105017493,0.5205839257161307,2.7888978389156853,0.05872782199286001
0.6686686686686687,2.552458910001618,0.4548579266209068,2.7221284273729087,0.07803689034465214
0.6766766766766766,2.355432268430603,0.4107240441287279,2.657295120584366,0.10111202723432748
0.6846846846846847,2.1743487180072028,0.3841696052825896,2.595169111376391,0.12787509593425223
0.6926926926926927,2.007976062956533,0.37226203613829895,2.536507564985202,0.15802317149063344
0.7007007007007007,1.8552648726838064,0.37285192422781616,2.4819788495585793,0.19103724175788916
0.7087087087087087,1.7154329142466056,0.38431286754205235,2.4320939034806632,0.2262186716557102
0.7167167167167167,1.5879759584713367,0.4053285673953402,2.3871547489211618,0.26274917501900374
0.7247247247247247,1.4726307028482906,0.43472837343258797,2.3472282971083454,0.2997655856007608
0.7327327327327328,1.3693083869610518,0.4713700502823009,2.3121489948976297,0.33643814488181634
0.7407407407407407,1.2780147660298338,0.5140671534891922,2.2815487365632188,0.37204090106216353
0.7487487487487487,1.1987701847694958,0.5615552413261216,2.2549080940454065,0.40600496720054563
0.7567567567567568,1.1315393891829721,0.6124875247109842,2.2316202293453733,0.4379490057343653
0.7647647647647647,1.0761745115424275,0.6654497258911108,2.21105813452508,0.46768529140241183
0.7727727727727728,1.032369654488738,0.7189873250085437,2.192636749167086,0.49520309650018907
0.7807807807807807,0.9996250084682388,0.7716436609988513,2.1758632996968066,0.520633447401951
0.7887887887887888,0.9772223330908159,0.8220100021539312,2.160371154013821,0.5442005735823583
0.7967967967967968,0.9642178124059264,0.8687860593143171,2.1459341772794613,0.5661660425488105
0.8048048048048048,0.9594579451542323,0.9108435004947407,2.132460057717842,0.5867721312832005
0.8128128128128128,0.9616181708224462,0.9472812929520256,2.1199627442643125,0.6061916395070628
0.8208208208208209,0.9692565681400925,0.9774643547744636,2.108516462627415,0.6244918630127461
0.8288288288288288,0.9808724835206449,1.0010447880677964,2.0981969309513566,0.64162017138813
0.8368368368368369,0.9949650194322204,1.0179714516738343,2.089019017907948,0.6574167861569618
0.8448448448448449,1.0100947143443681,1.028492440026923,2.0808832170567664,0.6716563968518495
0.8528528528528528,1.0249549989091162,1.0331460419394214,2.0735446009341745,0.6841142894653309
0.8608608608608609,1.0384525492843164,1.0327266580838763,2.066616054010457,0.6946456776522276
0.8688688688688688,1.0497808209626267,1.0282131497690412,2.059611848179333,0.7032607419718587
0.8768768768768769,1.0584603145918985,1.0206620998132252,2.0520284098598864,0.7101747695676162
0.8848848848848849,1.064323968700071,1.0110900367412996,2.0434482016596234,0.7158147810803361
0.8928928928928929,1.0674481029276637,1.0003815880615095,2.033642980169015,0.7207720872104675
0.9009009009009009,1.068056746907409,0.9892526299614756,2.0226477915857357,0.7257034849289699
0.908908908908909,1.0664414808042624,0.9782700136951666,2.0107798230221756,0.7311993573217931
0.9169169169169169,1.0629280223718507,0.9678984048804733,1.9985876734159527,0.7376502199578235
0.924924924924925,1.0578892158742965,0.9585311708056377,1.9867349847778664,0.7451492781004224
0.9329329329329329,1.0517717331871845,0.9504771362837993,1.9758430058637662,0.753463667216123
0.9409409409409409,1.045093241971777,0.9439102451040617,1.9663329406748178,0.762090650444265
0.948948948948949,1.0383871318902016,0.9388213059353001,1.9583143630849373,0.7703906165359085
0.9569569569569569,1.0321109767406065,0.9350168602153595,1.9515567093323987,0.7777634418283506
0.964964964964965,1.0265662603854997,0.9321834016360193,1.9455578229984964,0.7838175509024177
0.972972972972973,1.021877392646016,0.9299920213700934,1.939693074556707,0.7884792452299344
0.980980980980981,1.0180445652142256,0.9281882348392051,1.9334009453525642,0.7920061773952862
0.988988988988989,1.0150380712168092,0.9266167185090531,1.9263467115860948,0.7948991246546667
0.996996996996997,1.0128728362823998,0.9251705051408557,1.91851149976849,0.7977403462536768
1.005005005005005,1.0116124661016692,0.9237042455082365,1.9101787273045947,0.8010121776303407
1.013013013013013,1.0112979779996845,0.9219779923600262,1.9018253082027856,0.8049560811853202
1.021021021021021,1.0118490757066132,0.9196815622596295,1.8939578132611763,0.8095171116677263
1.029029029029029,1.0130102620393648,0.916537670143946,1.886951453075403,0.8143872994813274
1.037037037037037,1.01439171102581,0.9124267974411208,1.8809456347689124,0.8191260174802514
1.045045045045045,1.0155969428090557,0.9074546297855359,1.8758260471139954,0.8233097493081638
1.053053053053053,1.0163713819743792,0.9019109591260804,1.8712897753022986,0.8266574035493643
1.0610610610610611,1.0166855611945906,0.8961326228029571,1.8669604844183185,0.8290918429329523
1.0690690690690692,1.0166997902058028,0.890343892949232,1.8625066904151226,0.8307264372963038
1.077077077077077,1.0166260726327134,0.8845668402563075,1.8577219666955553,0.8317946962806145
1.085085085085085,1.0165667428190872,0.878656946484318,1.8525472660431304,0.8325591919494834
1.093093093093093,1.0164276818379148,0.8724455897588228,1.8470415470314399,0.8332366172008085
1.1011011011011012,1.0159632180960827,0.8659045590345815,1.8413255978249419,0.8339610116378031
1.1091091091091092,1.014931912388947,0.8592296580827873,1.8355280383073214,0.8347860099433764
1.117117117117117,1.0132730627761466,0.8527841483293984,1.8297526473541572,0.8357104988523772
1.125125125125125,1.0111953679511747,0.8469247152690544,1.824070061376219,0.8367074231902231
1.1331331331331331,1.00911516998197,0.8418052943115205,1.8185242736845226,0.8377423499897405
1.1411411411411412,1.0074674744462677,0.8372736620913231,1.8131412859597629,0.8387800896278972
1.1491491491491492,1.006489408847087,0.8329283039155579,1.8079329474784955,0.8397859317013766
1.157157157157157,1.0060975946667103,0.8283137998943934,1.8028972965752006,0.8407284696753446
1.165165165165165,1.0059332015543485,0.8231522513293479,1.7980208865413454,0.8415853716706034
1.1731731731731732,1.0055562565425775,0.8174831419546076,1.7932861640958753,0.8423477198589432
1.1811811811811812,1.0046855365140206,0.8116308891171821,1.788681053090541,0.8430178397158913
1.1891891891891893,1.0033510002205133,0.8060138082224277,1.7842041929009567,0.8436003406983725
1.1971971971971973,1.001870664410071,0.8008981482337998,1.7798613744303107,0.8440920995762294
1.2052052052052051,1.0006599817435726,0.7962353176129096,1.7756551827285258,0.8444787657111994
1.2132132132132132,0.9999766405432827,0.7916783728598742,1.7715754649211655,0.8447410634274302
1.2212212212212212,0.9997442006196223,0.7867764952083071,1.7675982306744777,0.8448667974365439
1.2292292292292293,0.9995599345982469,0.7812459895226287,1.7636945774347281,0.8448598000152132
1.2372372372372373,0.9988942661066368,0.7751686051489455,1.7598436581924848,0.8447389511894807
1.2452452452452452,0.9973832171911698,0.7690005677076128,1.7560404387039692,0.8445276593693187
1.2532532532532532,0.9950588372243829,0.7633734009664572,1.7522927076078685,0.8442413626259252
1.2612612612612613,0.9923877957001226,0.7587796133729638,1.7486098277768782,0.843882165050026
1.2692692692692693,0.9900842049466945,0.7553029686570683,1.7449919758357872,0.843444338526037
1.2772772772772774,0.9887804195615617,0.7525375173358232,1.7414282690637917,0.8429260937782748
1.2852852852852852,0.988717585374024,0.7497476573570723,1.7379053621275191,0.8423380865257202
1.2932932932932932,0.9896141866743258,0.7461992232564051,1.7344199001851126,0.8417014336305929
1.3013013013013013,0.9907855455097747,0.7415016615933687,1.730984883595691,0.8410359775626649
1.3093093093093093,0.9914622147144174,0.7357908031162356,1.7276242143249088,0.8403472300524473
1.3173173173173174,0.9911535951803709,0.729657635200751,1.7243584899232516,0.839621985808817
1.3253253253253254,0.9898769859571801,0.723853856707711,1.7211919968993323,0.8388366256454649
1.3333333333333333,0.988136126671599,0.7189173313496694,1.7181105853691785,0.837972818920511
1.3413413413413413,0.9866564034670326,0.7149031580277506,1.7150925882850527,0.8370294846032567
1.3493493493493494,0.9860055048965614,0.7113566241684189,1.7121254190630044,0.8360219426001085
1.3573573573573574,0.9862878266381537,0.7075461796954904,1.709215810451695,0.8349680142220095
1.3653653653653655,0.9870679936174116,0.702845440078975,1.7063854267027772,0.833870337062291
1.3733733733733733,0.9875685350139668,0.6970767034717614,1.7036534619818253,0.8327076020634439
1.3813813813813813,0.9870521958492594,0.6906428475124569,1.7010171311017062,0.831442142139577
1.3893893893893894,0.9852060471462042,0.6843739523018324,1.698443212536316,0.8300406522241621
1.3973973973973974,0.9823384015650011,0.679152378082596,1.6958772845628745,0.8284959089515153
1.4054054054054055,0.9792847349234588,0.6754894301505399,1.693266213958871,0.8268362063214113
1.4134134134134133,0.9770556941097173,0.6732552267495426,1.690581125409964,0.8251166668988982
1.4214214214214214,0.9763842076344913,0.6716962507662596,1.6878279710240922,0.8233977150240995
1.4294294294294294,0.9773807658911565,0.6697428876540052,1.685040896599891,0.8217234800025965
1.4374374374374375,0.9794606832812877,0.6664734823748285,1.6822643883840678,0.8201119171331703
1.4454454454454455,0.9815846378509121,0.6615255886579441,1.6795364862928175,0.8185598893443911
1.4534534534534536,0.9827101589253465,0.6552650527711601,1.676883095174045,0.8170562934313256
1.4614614614614614,0.9822531839228779,0.6486310568551611,1.674324380491849,0.8155915069844006
1.4694694694694694,0.9803509958112497,0.6427215866675523,1.6718847938655985,0.8141552471840494
1.4774774774774775,0.9778050064255666,0.6383023911613263,1.6695951477138982,0.8127247147000088
1.4854854854854855,0.9757249278750227,0.6354592818521513,1.6674808155312035,0.8112537818465098
1.4934934934934936,0.9750304381647866,0.6335515267335707,1.6655410159786188,0.8096754651196809
1.5015015015015014,0.9760318802051984,0.6314906722663957,1.663732851896453,0.8079222715392604
1.5095095095095095,0.9782782780471595,0.6282239368293562,1.6619738951464662,0.8059566706533018
1.5175175175175175,0.9807435861376714,0.6232091178367061,1.6601675228420967,0.803794915260994
1.5255255255255256,0.9822725788703618,0.6166698239201547,1.6582411886725335,0.8015082119677464
1.5335335335335336,0.9820922371980438,0.6095151148589444,1.6561780111787834,0.7991965036949114
1.5415415415415414,0.9801638538532809,0.6029544535072103,1.6540232214799602,0.7969458842693723
1.5495495495495495,0.9772188892956281,0.5979728858597341,1.6518595833124112,0.7947915719130605
1.5575575575575575,0.9744583274187673,0.5948940163892711,1.6497633135117729,0.7927072747277061
1.5655655655655656,0.973041488664663,0.5932223422541848,1.647764246498748,0.7906282548823704
1.5735735735735736,0.9735826610522887,0.5918373927977929,1.6458332992606308,0.788496429213035
1.5815815815815817,0.9758726666462099,0.5894612011712654,1.6439060759189532,0.7863021624090523
1.5895895895895895,0.9789481138585561,0.5852026492006671,1.6419309595543174,0.7840974089883229
1.5975975975975976,0.9814838922425265,0.5789475447090198,1.6399146716308313,0.7819695773027077
1.6056056056056056,0.9823470046515185,0.571426619919784,1.637937261686721,0.7799875684313594
1.6136136136136137,0.9810802159539745,0.5639281421023423,1.6361234927929256,0.7781488433713526
1.6216216216216217,0.9781114512316602,0.5577708472247046,1.6345813529698405,0.7763588892173396
1.6296296296296295,0.9745977782646967,0.5537540430040563,1.6333383112049347,0.774459525845996
1.6376376376376376,0.9719639873833201,0.551812937702968,1.6323106207369464,0.7722970406256474
1.6456456456456456,0.9713225040409424,0.551024081949458,1.6313267077993687,0.7697982986132196
1.6536536536536537,0.9730114462292081,0.5499628001533072,1.6301987506227453,0.7670153216637382
1.6616616616616617,0.9764407579419004,0.5472704942725137,1.6288104180851695,0.7641115940913553
1.6696696696696696,0.9803119963569663,0.5422035178661953,1.6271772781543816,0.7612912699470983
1.6776776776776776,0.9831263648509863,0.5349417207373605,1.6254466230662918,0.7587020025371105
1.6856856856856857,0.9837791378001536,0.5265307311590798,1.6238315685656861,0.7563581342984127
1.6936936936936937,0.9820033886215221,0.5184784829324623,1.6225070605478735,0.754124410204899
1.7017017017017018,0.9784855366063125,0.5121644640817752,1.6215165750399285,0.7517731321102824
1.7097097097097098,0.9746052893011419,0.5082947279223486,1.62073654118322,0.7490921704213405
1.7177177177177176,0.9719009702743812,0.5066177424621767,1.6199204182732891,0.745994634493837
1.7257257257257257,0.9714692358455665,0.5060134774979862,1.6188069815733903,0.742576841021941
1.7337337337337337,0.9735336734480534,0.504921815505606,1.6172452860184954,0.7390927097564791
1.7417417417417418,0.9773504981522627,0.5019440824326136,1.6152777427793492,0.7358507600007218
1.7497497497497498,0.9814882235142384,0.49638465743152577,1.6131390509520476,0.7330770508677462
1.7577577577577577,0.9843734107368957,0.48852352372337177,1.6111658787577063,0.7308060088395987
1.7657657657657657,0.9848925032596666,0.479515064503232,1.609653589864741,0.7288515431315049
1.7737737737737738,0.9828191625128927,0.4709522765955511,1.6087227808699671,0.726876452050085
1.7817817817817818,0.9789043695896941,0.464263240429548,1.6082570582845048,0.7245338470375333
1.7897897897897899,0.9745958424648674,0.4601695945248958,1.6079439010142536,0.7216201917186882
1.7977977977977977,0.9714940730951239,0.4584118252570666,1.6074051454605045,0.7181715539776212
1.8058058058058057,0.9707510379008888,0.45784402353249976,1.6063626511807783,0.714457332844003
1.8138138138138138,0.9726376983161346,0.45686099961449905,1.604766706391769,0.710869814013389
1.8218218218218218,0.9764413677663272,0.45399636194613796,1.602828509884241,0.7077543024326549
1.82982982982983,0.9807294906076489,0.4484676772961968,1.6009384163117413,0.7052526430523638
1.837837837837838,0.9838797344312544,0.44046651970326356,1.5995014098912101,0.7032296992064673
1.8458458458458458,0.984678542303197,0.43108769701887517,1.5987587739953386,0.7013183867159637
1.8538538538538538,0.9827670133437119,0.4219262505151438,1.5986733734440988,0.6990682581958444
1.8618618618618619,0.9787715141942239,0.41449273456104196,1.5989309393372284,0.6961370586752151
1.86986986986987,0.9740738095034397,0.40966217872695593,1.599061289912152,0.6924440359093038
1.877877877877878,0.9703076602143506,0.4073572676174717,1.5986319069034305,0.6882175831674426
1.8858858858858858,0.9687672547907683,0.4065785579585085,1.597433768953511,0.6839128720908423
1.8938938938938938,0.9699423606681478,0.40576728403785317,1.595580122027382,0.6800297328637969
1.901901901901902,0.9733463593617367,0.40336638255543955,1.5934733020513498,0.6769042061687508
1.90990990990991,0.9776955263608228,0.39837596764136785,1.591648941238724,0.674560465553132
1.917917917917918,0.9813710660497781,0.39070455696967105,1.5905584906273713,0.6726870451576088
1.9259259259259258,0.9829954457033389,0.3811934946071119,1.5903783750874798,0.6707513583330093
1.9339339339339339,0.9819166678679297,0.371310436621187,1.5909254659137402,0.6682096351623793
1.941941941941942,0.9784303832607855,0.362625273971744,1.5917168804876378,0.6647290202469015
1.94994994994995,0.9736655404737237,0.3562567293136086,1.5921540098833433,0.6603315119787323
1.957957957957958,0.9691792202440165,0.352484617982097,1.591759646732337,0.6553990646195093
1.965965965965966,0.9664074855282673,0.3506607488474721,1.5903739794522571,0.6505339622725815
1.973973973973974,0.9661664185486358,0.3494442452019942,1.5882297256382014,0.6463266706575589
1.981981981981982,0.9683758696140685,0.3472734418892932,1.5858733920057204,0.6431214563943074
1.98998998998999,0.9720972550560557,0.3429063041708384,1.5839602246796374,0.6408726993798117
1.997997997997998,0.9758659394118296,0.335841491056062,1.5830008919634107,0.6391506311812208
2.006006006006006,0.9781976192350427,0.32647788051133014,1.5831582681438057,0.6372974246895977
2.014014014014014,0.9780913763572264,0.3159638188182651,1.5841746316944811,0.6346757095166367
2.022022022022022,0.9753578697470732,0.30579484987967664,1.5854599679603014,0.6309147365601055
2.03003003003003,0.9706654656070725,0.2973028395318339,1.5863100374006958,0.626059055458039
2.038038038038038,0.9652959732081308,0.29121222188530027,1.5861724443868823,0.6205610104105214
2.046046046046046,0.9607001501276552,0.28741117601730365,1.5848596312022056,0.6151176599927793
2.054054054054054,0.9580078454319227,0.28500856951631487,1.582627019475391,0.6104121494829621
2.062062062062062,0.9576579491153219,0.2826493308994087,1.5800850910076853,0.6068563868941415
2.07007007007007,0.9592678239308611,0.278975407792193,1.577976801009488,0.6044320830040384
2.078078078078078,0.9617780646376018,0.2730748252958197,1.576902631241069,0.6026907631338609
2.086086086086086,0.9638158371368044,0.26477086045037185,1.5770956422702247,0.6009140469679451
2.094094094094094,0.9641499176461277,0.2546615768736487,1.5783306168847946,0.598375643970444
2.1021021021021022,0.9620852016701558,0.24390548297860495,1.5800017502888262,0.5946085115682764
2.11011011011011,0.9576702625202035,0.23383237686932695,1.5813409573035786,0.5895785470826929
2.118118118118118,0.9516576218262268,0.22551219255682564,1.5816969612866172,0.5837006266605111
2.126126126126126,0.9452391392817594,0.21942268519206495,1.58077304420253,0.5776907997892334
2.134134134134134,0.9396505247222442,0.2153187715956212,1.5787366678294457,0.5723084489582413
2.1421421421421423,0.9357767873621817,0.21233698944615934,1.5761611722332574,0.5680821900328091
2.15015015015015,0.9338840645314239,0.20929188519774497,1.5738209342229754,0.5651188058906476
2.1581581581581584,0.9335571586068069,0.2050621820716557,1.5724143049240804,0.5630639306994082
2.166166166166166,0.9338531895409663,0.1989411684972199,1.5723142368866656,0.5612280310981467
2.174174174174174,0.9336132581432361,0.1908433131494044,1.5734358313218948,0.5588316975319454
2.1821821821821823,0.9318275875895939,0.18130969892431084,1.5752673853082262,0.5552818762788765
2.19019019019019,0.9279385705338946,0.17132053170900355,1.5770526521092814,0.5503804533996127
2.1981981981981984,0.9219917380832625,0.16198218195029138,1.5780582891858763,0.5443917578756765
2.206206206206206,0.9145965188615419,0.15419092808063953,1.577831007289712,0.5379465388388739
2.214214214214214,0.906718947332578,0.14837670757309165,1.5763538544022675,0.5318181653308272
2.2222222222222223,0.8993781095242667,0.1443997394470138,1.5740479919394958,0.5266513681408749
2.23023023023023,0.8933427286734567,0.14162238933312404,1.5716215324007896,0.5227392631666912
2.2382382382382384,0.8889182702975164,0.13912481577400743,1.5698206285429834,0.5199258245132301
2.2462462462462462,0.8858823341213596,0.13599215761164576,1.5691711928761602,0.5176656853854196
2.254254254254254,0.8835785780708569,0.13158449340779063,1.5698011849785234,0.5152176293939522
2.2622622622622623,0.8811321841521482,0.12571162770736513,1.571403505766432,0.5119020770672196
2.27027027027027,0.8777168428988709,0.11866768541641584,1.5733493780542667,0.507332164531764
2.2782782782782784,0.8727930059917122,0.11112416140839801,1.5749096935370628,0.5015392731224019
2.2862862862862863,0.8662509124333186,0.1039208919350476,1.575505515558044,0.49495234792761134
2.294294294294294,0.8584236886431994,0.09782081113643441,1.574900951695053,0.48824188347666064
2.3023023023023024,0.8499750260424983,0.09329998888882997,1.5732738944995244,0.48208574754740474
2.31031031031031,0.8417008149885289,0.09042951805882453,1.571143998465595,0.47693916444981443
2.3183183183183185,0.8343052965572522,0.08887629757674503,1.5691868331445242,0.47288718265831975
2.3263263263263263,0.8282151297134881,0.08801505168445257,1.5680011331285788,0.4696271827904499
2.334334334334334,0.8234800412839614,0.08711393985087316,1.5679097924334813,0.4665829694610796
2.3423423423423424,0.8197818451876354,0.08553857118336697,1.5688608770367698,0.46310709134178624
2.3503503503503502,0.816542766017297,0.08291789208325233,1.570458420173583,0.45869962431451144
2.3583583583583585,0.8130977629629206,0.07922941505340549,1.5721074910234507,0.45316886638827697
2.3663663663663663,0.8088806303916327,0.07478571966719363,1.5732198822021575,0.44668218206381793
2.374374374374374,0.8035732273324981,0.07013175505177648,1.5734085531277804,0.4396947148114003
2.3823823823823824,0.797180291322156,0.06588558702868302,1.5726060740993766,0.4327855740411721
2.3903903903903903,0.7900143931405624,0.06256806049234537,1.5710711269846234,0.42646092045401945
2.3983983983983985,0.7826001505415673,0.06046683162289232,1.5692867043361751,0.42099150357393067
2.4064064064064064,0.7755272604199812,0.05956841326724869,1.5677899268712854,0.41633698180621154
2.4144144144144146,0.7692933325709238,0.059572244655932555,1.566994163325284,0.41217721674310076
2.4224224224224224,0.7641777329284173,0.05997890155366456,1.5670631520125529,0.40803356908214894
2.4304304304304303,0.7601774196864984,0.06022603104586105,1.5678756460038563,0.40343400261895385
2.4384384384384385,0.7570182981351217,0.05983481115614986,1.5690861405146717,0.3980640622982567
2.4464464464464464,0.7542356902061278,0.058528936843722165,1.5702545010752835,0.39185451785632863
2.4544544544544546,0.7513002365143551,0.056297000439140724,1.5709960483423753,0.3849813804562218
2.4624624624624625,0.7477551604742249,0.0533849435950278,1.5711004612494248,0.37778544258300606
2.4704704704704703,0.743329623153756,0.05022362926457191,1.5705825904247015,0.37064511937492267
2.4784784784784786,0.7380006871624563,0.047312683826107635,1.5696545011257874,0.36384928886212176
2.4864864864864864,0.7319906626790589,0.045091635670157434,1.568635773735453,0.357512600962982
2.4944944944944947,0.7257033184637232,0.04383096106084426,1.5678384925792201,0.351557212346152
2.5025025025025025,0.7196173123553584,0.0435691355513746,1.5674683584293307,0.34575978853660677
2.5105105105105103,0.7141647740620786,0.044109326328936174,1.5675734619021353,0.33984030019518524
2.5185185185185186,0.7096253532607151,0.045074288787149704,1.5680522941075,0.333557264743219
2.5265265265265264,0.7060610979356668,0.04600400475477294,1.5687105899671798,0.326775906878131
2.5345345345345347,0.7033067412861629,0.04647081315448046,1.5693406855420622,0.31948926065520056
2.5425425425425425,0.701016066809521,0.04618336532604818,1.5697923835519179,0.31179143103225343
2.5505505505505504,0.6987513619416316,0.04505433186329384,1.5700114064103647,0.30381946657107517
2.5585585585585586,0.6960928541262461,0.043216379582925755,1.5700364803380278,0.29568941982095465
2.5665665665665665,0.6927408581464948,0.040984035739715034,1.5699624745227687,0.2874507065163957
2.5745745745745747,0.688586018258325,0.03877230979995117,1.5698884970975686,0.27907260960517843
2.5825825825825826,0.6837315917995457,0.03699305187914252,1.569872666178052,0.2704626582133426
2.5905905905905904,0.6784638123702046,0.03595465188224388,1.5699094147767076,0.26150451351780835
2.5985985985985987,0.6731788859362571,0.035789006958525195,1.569933986069243,0.252097331616883
2.6066066066066065,0.6682851521626487,0.03642246279284919,1.5698472514933046,0.24218076036562988
2.6146146146146148,0.6641042490664871,0.03759661812405554,1.5695467073113791,0.23173795034122463
2.6226226226226226,0.6607947816709088,0.03893304917699622,1.5689488558676932,0.22077924635248924
2.630630630630631,0.6583162665648985,0.04002580967788102,1.567993655115303,0.20931723971266483
2.6386386386386387,0.6564413625624541,0.040539241595193246,1.5666304609357136,0.19734665343317187
2.6466466466466465,0.6548128329612595,0.040287628095132644,1.5647930639692604,0.18483954540752162
2.6546546546546548,0.6530310207554157,0.03927780665394181,1.5623758657427078,0.17175932287250303
2.6626626626626626,0.6507504384839482,0.037704972810617576,1.5592225975093128,0.15808919050821574
2.670670670670671,0.6477621562983991,0.0359033062840818,1.555134021154964,0.14386499308719594
2.6786786786786787,0.6440424474322282,0.03426388794068629,1.5498940609512473,0.1292008318296108
2.6866866866866865,0.6397565671769799,0.03313997950789587,1.5433075404631342,0.11429844932638718
2.694694694694695,0.6352174035333461,0.03276236168355935,1.5352392410966063,0.09943677732907745
2.7027027027027026,0.6308093730147251,0.03318464410184459,1.5256441505709066,0.08494404267031881
2.710710710710711,0.6268959045072943,0.034271132556922566,1.5145819549228594,0.07115939457544274
2.7187187187187187,0.6237324635009283,0.03572976560495222,1.502213556043582,0.058392957259901186
2.7267267267267266,0.6214056183060372,0.03718209933615918,1.4887819629015553,0.04689242019447712
2.734734734734735,0.6198124899349619,0.038253658919499854,1.4745830186960653,0.03682154146479929
2.7427427427427427,0.6186854014661041,0.03866316065681814,1.459932551260847,0.028252461028076308
2.750750750750751,0.6176557972529132,0.03828933839321329,1.4451358701816999,0.021170614812582467
2.7587587587587588,0.6163420902307265,0.03719944893772268,1.4304637446032067,0.015488995420565983
2.7667667667667666,0.6144403641460491,0.03563276503532875,1.4161368516141541,0.011067696170058648
2.774774774774775,0.6117962736926614,0.03394321552580584,1.4023187893444582,0.007734886822236432
2.7827827827827827,0.6084411695448491,0.03251507480373401,1.3891164189623808,0.005306206934350488
2.790790790790791,0.6045841667289756,0.031671849076181764,1.3765855943570773,0.003600639582896435
2.798798798798799,0.6005623503804743,0.031599854984014436,1.3647401576982636,0.0024519660187199825
2.8068068068068066,0.5967610545790479,0.032304303946468764,1.353562266052198,0.0017157468943888967
2.814814814814815,0.5935229788211445,0.033608009189730996,1.34301251625679,0.0012723682624065668
2.8228228228228227,0.5910673965853415,0.03519292826881592,1.3330388268468818,0.001027027849503112
2.830830830830831,0.5894383693374552,0.03667482774113434,1.323583520546493,0.0009076497037684755
2.838838838838839,0.5884941908262961,0.03769359336504287,1.314588460689074,0.0008616549684349734
2.8468468468468466,0.5879406655540297,0.03799791370985463,1.3059983922712286,0.0008523464460215285
2.854854854854855,0.5874004350992301,0.03750425422624778,1.2977628159701011,0.000855446591128736
2.8628628628628627,0.5865019051953662,0.036316086179087534,1.2898367974501623,0.0008561104293528826
2.870870870870871,0.5849665972126465,0.03469885569672129,1.282181110985691,0.0008465445420636025
2.878878878878879,0.5826741911851617,0.033016811677407464,1.274762060091117,0.0008242122506054959
2.886886886886887,0.579690012932835,0.03164687368813711,1.2675512256849364,0.0007904980047715078
2.894894894894895,0.5762487867738193,0.0308899921303763,1.2605252778889087,0.0007496456937039032
2.9029029029029028,0.5726988209855854,0.030900775741983237,1.2536658676388788,0.0007077818762283647
2.910910910910911,0.5694199436759457,0.031651646780579246,1.2469595119380164,0.0006718860318057497
2.918918918918919,0.5667344314353617,0.03293963239599366,1.2403973269601676,0.0006486635957168341
2.926926926926927,0.5648316513221582,0.03443401461034794,1.2339744638788621,0.0006433873786030425
2.934934934934935,0.5637239008781506,0.03575362937683973,1.227689164231049,0.000658864818996693
2.942942942942943,0.5632436778259508,0.03655571929833664,1.2215414564668292,0.0006947319453103685
2.950950950950951,0.5630829199654627,0.03661551986519038,1.2155316307520698,0.0007472541311321391
2.958958958958959,0.5628648521956667,0.03587794300110907,1.209658719583306,0.0008097327935041198
2.966966966966967,0.5622313711249733,0.034469396217917676,1.203919250028541,0.0008734979224098696
2.974974974974975,0.5609253404902829,0.0326673370355585,1.198306507819966,0.0009293405260939479
2.982982982982983,0.5588486513744841,0.030835198825241442,1.1928104699966329,0.0009691386932613207
2.990990990990991,0.5560829516230491,0.029338313688866535,1.1874184413407396,0.0009873797411716814
2.998998998998999,0.5528689160966763,0.028460513538562417,1.1821162980211168,0.0009822893981015026
3.007007007007007,0.5495495338382512,0.028340445215326825,1.176890127313474,0.0009563436787632339
3.015015015015015,0.5464908986898845,0.028941707489798893,1.1717279765174846,0.000916045226679386
3.023023023023023,0.5439987414265444,0.03006302806253784,1.1666213989119323,0.0008709722520872563
3.031031031031031,0.5422495771762711,0.031385653158565556,1.161566511154334,0.0008322328427918229
3.039039039039039,0.5412518421430746,0.03254683936084939,1.1565643483289532,0.0008105619111322748
3.047047047047047,0.5408455213193717,0.033222558303900446,1.151620408877625,0.0008143690775076404
3.055055055055055,0.5407399803249565,0.03320053878196253,1.146743409307507,0.0008480743928932
3.063063063063063,0.5405809674454589,0.03242711185468562,1.14194340405983,0.0009110484450552763
3.071071071071071,0.5400311199542509,0.031017527471677565,1.1372295524282858,0.000997399664625309
3.079079079079079,0.538845430851781,0.029228001404840512,1.1326079102781954,0.0010967250794481295
3.0870870870870872,0.5369246909795773,0.027396588237204964,1.1280796644279685,0.0011957721510109287
3.095095095095095,0.5343354072750324,0.025866879433927056,1.123640189887154,0.0012807741060323976
3.103103103103103,0.5312925971402883,0.024911929480083403,1.1192791860387872,0.0013400584214173924
3.111111111111111,0.5281101807780554,0.024675162073765626,1.1149819510851213,0.0013664316416749354
3.119119119119119,0.5251305729217013,0.025140757180489946,1.1107316226918944,0.0013588473128285632
3.1271271271271273,0.522649192492808,0.02613932858445268,1.1065120004290951,0.0013229771377685476
3.135135135135135,0.5208503269896801,0.027387048981169348,1.1023104248477282,0.0012705078573421829
3.1431431431431434,0.5197681059749542,0.02854927433246351,1.0981201528845597,0.0012172328598167399
3.151151151151151,0.519280808478044,0.029314532597559912,1.0939417457115146,0.0011802441569186656
3.159159159159159,0.5191394224734689,0.02946255735467069,1.089783153375074,0.0011747110137984508
3.1671671671671673,0.5190238039603604,0.028911435759570624,1.085658406397369,0.0012108277494804892
3.175175175175175,0.5186136680780465,0.027733712842386446,1.0815850714397344,0.0012915138446223959
3.1831831831831834,0.517658479061711,0.02613839459730893,1.0775808628712458,0.0014113538034281731
3.191191191191191,0.516030873442468,0.024423497787462622,1.0736599920244339,0.0015570771780789789
3.199199199199199,0.513752333490643,0.022910210584088316,1.0698299445758013,0.0017096144904304436
3.2072072072072073,0.5109862820206457,0.021873380393308182,1.066089365835766,0.0018474543311488352
3.215215215215215,0.5080009442654675,0.021483287434928847,1.0624275777359142,0.0019507273150566246
3.2232232232232234,0.5051105979445287,0.021770735601554264,1.0588259555564428,0.002005228899984699
3.2312312312312312,0.5026080211221423,0.022622274772488793,1.055261007249812,0.0020055364871087882
3.239239239239239,0.5007024274377148,0.02380602604601565,1.0517086130426563,0.0019565139190092424
3.2472472472472473,0.49947582865804363,0.025022307773045514,1.0481485999201003,0.001872810147323447
3.255255255255255,0.4988668674907449,0.025968172459083436,1.0445687227017364,0.0017763752429346415
3.2632632632632634,0.4986853878290544,0.026402042530190586,1.0409672264862864,0.0016924327523862772
3.2712712712712713,0.4986544320909872,0.02619457785591548,1.0373534422954604,0.0016446658613147517
3.279279279279279,0.4984703766317746,0.025354898462853402,1.0337462475991541,0.0016505350135164413
3.2872872872872874,0.4978679656404967,0.024026769332519286,1.0301706252829246,0.0017176302233800015
3.295295295295295,0.49667609506156707,0.022456064007521846,1.0266529109487728,0.0018417891176175864
3.3033033033033035,0.49485254684654506,0.02093710800044403,1.0232155803792458,0.0020074135726228623
3.3113113113113113,0.49249080140185403,0.0197498505918903,1.0198725587484616,0.002190031196162577
3.319319319319319,0.48979824618058787,0.01910132606438193,1.0166259974853877,0.00236072100899261
3.3273273273273274,0.4870510704615086,0.019083450262275092,1.0134652421975208,0.002491624595971189
3.335335335335335,0.48453568375318584,0.019655435427520518,1.0103683169189366,0.002561483892620388
3.3433433433433435,0.4824888978413022,0.02065393145017334,1.0073057390876368,0.0025600719135085406
3.3513513513513513,0.48104911265017036,0.0218284227802684,1.0042459693568762,0.0024905614428428
3.359359359359359,0.4802284298990768,0.022894377592380544,1.001161423817691,0.0023692870384910397
3.3673673673673674,0.4799113592133974,0.02359303448727082,0.9980338380897184,0.002222901549418311
3.3753753753753752,0.4798802798691304,0.023745273383019527,0.9948579075646783,0.0020834703072553926
3.3833833833833835,0.47986213375070735,0.02328820464630132,0.9916424892173185,0.0019824529345102166
3.3913913913913913,0.47958622708235604,0.022286834988883182,0.9884091351789799,0.001944715782195504
3.3993993993993996,0.47884066572268286,0.020918661555360953,0.9851882233483783,0.0019836865527022057
3.4074074074074074,0.4775154635783592,0.019434987722434145,0.98201336978931,0.0020985454870661676
3.4154154154154153,0.4756235750435091,0.01810767447666432,0.9789151042294962,0.002273999618129648
3.4234234234234235,0.4732961031026492,0.017172807412129617,0.9759149399549965,0.0024827560366890242
3.4314314314314314,0.47075343304740885,0.01678291142175814,0.9730209515165743,0.002690339470865662
3.4394394394394396,0.46825881161110533,0.01697712312653698,0.9702257646412332,0.002861445201065715
3.4474474474474475,0.46606408850168435,0.0176748390790617,0.9675074577399881,0.002966664843262243
3.4554554554554553,0.46435856845455425,0.01869365329781766,0.9648333180956187,0.0029882700488064714
3.4634634634634636,0.46323113382670356,0.019787693822896243,0.9621657969540998,0.002923863712984433
3.4714714714714714,0.46265315605784924,0.02069850013341643,0.9594695175283241,0.002787115426298956
3.4794794794794797,0.4624855939700493,0.021208039290755695,0.9567179480010182,0.002605401407464836
3.4874874874874875,0.4625087402131213,0.021182924731976967,0.9538984272332083,0.002414813522375947
3.4954954954954953,0.462468296769771,0.020600670312248416,0.9510145932739212,0.0022535209874989166
3.5035035035035036,0.46212795482249674,0.019552653726279925,0.9480858006179836,0.0021547483154381237
3.5115115115115114,0.46131734254131024,0.018223544749101993,0.9451436793281378,0.0021406462302431674
3.5195195195195197,0.4599654433697356,0.016852026827132778,0.9422264738530272,0.0022181248363216796
3.5275275275275275,0.45811300596643795,0.015681451405153538,0.9393721443196927,0.002377366820332186
3.5355355355355353,0.45590210797193675,0.014910780885203348,0.9366114055899093,0.002593307309914208
3.5435435435435436,0.45354573110227075,0.014655613797638162,0.9339619171420023,0.0028298952712925768
3.5515515515515514,0.4512839723641367,0.014926639270425885,0.9314247032648376,0.0030464729600166666
3.5595595595595597,0.44933577710921946,0.01562923979074458,0.9289835549413152,0.0032051850410679534
3.5675675675675675,0.4478556422596527,0.016583884960175793,0.9266076487085004,0.003278053916920522
3.5755755755755754,0.4469036493174482,0.017563069514786214,0.9242569863785811,0.0032523367341350234
3.5835835835835836,0.44643462420535684,0.01833740826088121,0.9218896549156651,0.0031330693192672104
3.5915915915915915,0.44630851485840156,0.01872165185582561,0.9194694968637053,0.002942265186287785
3.5995995995995997,0.4463198081894461,0.018611299627205907,0.9169726938701497,0.002714936656528838
3.6076076076076076,0.4462398282099332,0.018002363048915043,0.9143920228019105,0.002492750989208345
3.6156156156156154,0.44586302539709854,0.016990406752632768,0.9117380571557725,0.002316562548977572
3.6236236236236237,0.44504762429227424,0.015749469735947798,0.9090371988446816,0.00221919486947736
3.6316316316316315,0.4437424501541868,0.014495732517879004,0.9063269833236426,0.002219708519429499
3.6396396396396398,0.44199497247169606,0.013443793235441419,0.9036495116619739,0.002320071746588789
3.6476476476476476,0.4399396795499342,0.0127645234473433,0.9010441068909261,0.0025047457690391345
3.655655655655656,0.4377698202084687,0.012552656036444258,0.8985403893192029,0.0027432620672127074
3.6636636636636637,0.4356985347148675,0.012809951927927167,0.8961529297638389,0.002995423710736929
3.6716716716716715,0.4339170535699261,0.013446641640116077,0.8938784526439935,0.0032183235466881
3.67967967967968,0.4325578999908192,0.014300443465207988,0.8916961918046082,0.0033739941793818735
3.6876876876876876,0.43166998144929475,0.015169297648787793,0.8895714555606855,0.0034362889290010146
3.695695695695696,0.43121024859534696,0.01585143470283125,0.8874618151271924,0.0033956472939348442
3.7037037037037037,0.4310534836875492,0.016184935553534906,0.885324748652577,0.003260773353007965
3.7117117117117115,0.43101821006974067,0.01607893191921443,0.8831252300161451,0.0030568945978609197
3.71971971971972,0.43090339105958486,0.015530222829416929,0.8808417692331116,0.002821009287256124
3.7277277277277276,0.43052832129090524,0.0146221314145193,0.8784697940439041,0.002595160818645349
3.735735735735736,0.42976753779401994,0.013506222321965708,0.8760218892715493,0.0024191223583164413
3.7437437437437437,0.428573863868704,0.01237108974830857,0.873525086806364,0.0023238640162903086
3.7517517517517516,0.4269854598657683,0.011404912253826803,0.8710159370392822,0.002326861732404977
3.75975975975976,0.42511620227296276,0.010759338699930463,0.8685343819370935,0.00242983095180931
3.7677677677677677,0.4231319768753137,0.010521521847699597,0.8661174834929594,0.002618984860763135
3.775775775775776,0.42121790910543144,0.010699161884290482,0.8637939109408437,0.002867536329633002
3.7837837837837838,0.4195428759063021,0.011220824727654235,0.8615798544305175,0.003139921694323657
3.7917917917917916,0.4182278420386336,0.011951051963739957,0.8594767873666267,0.0033971005870239734
3.7997997997998,0.4173237492966102,0.012717230487742058,0.8574712742222629,0.0036022348991043653
3.8078078078078077,0.4168029765237649,0.01334312016690553,0.8555368087551617,0.003726041652032731
3.815815815815816,0.4165659352889919,0.013682655082063502,0.8536374539965764,0.0037511486202467257
3.823823823823824,0.41646147820332113,0.013647468253049423,0.8517328422987053,0.0036748773215453615
3.8318318318318316,0.4163170064194633,0.013222749481411873,0.8497839087128986,0.0035100507532618013
3.83983983983984,0.41597214078713207,0.012468427569127272,0.8477586143510274,0.0032836639973851008
3.8478478478478477,0.41530914031496924,0.011505771609612482,0.8456368978191461,0.0030335282026658296
3.855855855855856,0.414274126918857,0.01049255063343939,0.8434141738181581,0.002803254854277873
3.863863863863864,0.4128853434756324,0.00959209638999693,0.8411028530259897,0.002636152890956523
3.8718718718718717,0.4112274939769015,0.008942496832161412,0.8387315537772178,0.0025687590131044337
3.87987987987988,0.4094339461170075,0.008631668084785894,0.8363418994260815,0.0026248248827819504
3.8878878878878878,0.4076606500291588,0.008682543476826737,0.8339830599224795,0.0028106508260108587
3.895895895895896,0.4060567897314283,0.009050565531535914,0.8317045275967304,0.0031126559167905673
3.903903903903904,0.4047374498835678,0.00963349167308995,0.8295480121639602,0.0034979399797814424
3.911911911911912,0.403763070921555,0.01029149519727338,0.8275397287602897,0.003918246342548808
3.91991991991992,0.403129281516852,0.010873835534290275,0.8256845954585947,0.004317148550400924
3.9279279279279278,0.4027689171308356,0.011247183314544629,0.8239637901010362,0.0046395387605687125
3.935935935935936,0.40256581926348706,0.011320276429103266,0.822336637947404,0.004841783514993972
3.943943943943944,0.40237771058269844,0.011060184083740774,0.8207469471299281,0.004900484766946561
3.951951951951952,0.4020635753663714,0.010497096081824276,0.8191328739639083,0.004817843820902593
3.95995995995996,0.4015100645765624,0.009716938668678654,0.8174384838234854,0.0046222283964382415
3.967967967967968,0.4006517819713816,0.008843661852840703,0.8156246627885703,0.0043635545531468985
3.975975975975976,0.3994817969635602,0.008015076350548359,0.8136770898894541,0.004104238911866744
3.983983983983984,0.398050915363128,0.007357151129676162,0.8116095740454666,0.003907442686041411
3.991991991991992,0.3964565020906987,0.006961581899041072,0.8094620121712511,0.0038248897055552476
4.0,0.3948234650548597,0.006870425162302882,0.8072932878397027,0.0038866113269249683
